,verb,sense_id,sense,sentence_id,sentence,seed,surprisal_1,temp,surprisal_4,surprisal_3,surprisal_2
0,abuse,abuse.01,"mistreat a person or animal, often repeatedly, with violence or with cruelty",abuse.01_1,The man abused the dog.,43.0,25.729469299316406,0.8,130.05020141601562,32.67921447753906,29.92436981201172
1,abuse,abuse.01,"mistreat a person or animal, often repeatedly, with violence or with cruelty",abuse.01_2,The man abused the cat.,44.0,26.827587127685547,0.8,143.4523468017578,33.71540832519531,31.20340347290039
2,abuse,abuse.01,"mistreat a person or animal, often repeatedly, with violence or with cruelty",abuse.01_7,The children abused the dog.,49.0,27.01765823364257,0.8,151.09735107421875,33.47182846069336,55.52587127685547
3,abuse,abuse.01,"mistreat a person or animal, often repeatedly, with violence or with cruelty",abuse.01_0,The man abused the horse.,42.0,27.438953399658203,0.8,158.5279998779297,34.99676513671875,32.17836380004883
4,abuse,abuse.02,use (something) to bad effect or for a bad purpose,abuse.02_8,The government abused the power.,50.0,29.510234832763672,0.8,137.59988403320312,38.24291229248047,34.84619140625
5,abuse,abuse.02,use (something) to bad effect or for a bad purpose,abuse.02_9,The company abused the system.,51.0,40.576202392578125,0.8,186.33828735351562,72.87034606933594,33.62187576293945
6,abuse,abuse.02,use (something) to bad effect or for a bad purpose,abuse.02_4,The drug abused the patients.,46.0,41.42196273803711,0.8,169.157958984375,90.73535919189453,53.120147705078125
7,abuse,abuse.02,use (something) to bad effect or for a bad purpose,abuse.02_0,The teacher abused the students.,42.0,42.40492248535156,0.8,183.09835815429688,46.15567398071289,34.62081527709961
8,abuse,abuse.03,use offending language,abuse.03_1,The man abused the woman.,43.0,26.363317489624023,0.8,126.07703399658203,32.68909454345703,30.769084930419922
9,abuse,abuse.03,use offending language,abuse.03_2,The man abused the policeman.,44.0,26.58912467956543,0.8,175.73081970214844,46.1617431640625,41.370086669921875
10,abuse,abuse.03,use offending language,abuse.03_8,The man abused the waiter.,52.0,27.100675582885746,0.8,170.5385284423828,37.24869155883789,31.523109436035156
11,abuse,abuse.03,use offending language,abuse.03_0,The man abused the child.,42.0,27.434776306152344,0.8,127.5062026977539,32.82625198364258,31.51455307006836
12,allow,allow.01,let,allow.01_5,The government allowed the protests.,48.0,30.521224975585938,0.8,180.0084228515625,36.75380325317383,34.55319595336914
13,allow,allow.01,let,allow.01_1,The teacher allowed the students.,43.0,37.329681396484375,0.8,166.71876525878906,35.32897186279297,34.9551887512207
14,allow,allow.01,let,allow.01_0,The teacher allowed the student.,42.0,38.87147903442383,0.8,166.0432891845703,36.3306884765625,35.96147918701172
15,allow,allow.01,let,allow.01_4,The supervisor allowed the workers.,47.0,40.891788482666016,0.8,198.2359619140625,75.6662368774414,40.1012077331543
16,allow,allow.02,allocate,allow.02_0,The company allowed the workers.,42.0,39.45055389404297,0.8,150.04190063476562,72.86949157714844,73.81645202636719
17,allow,allow.02,allocate,allow.02_2,The government allowed the company.,44.0,40.20829772949219,0.8,178.34793090820312,41.60467529296875,56.36652755737305
18,allow,allow.02,allocate,allow.02_5,The board allowed the town.,47.0,46.15372848510742,0.8,134.77259826660156,86.88105010986328,79.69375610351562
19,allow,allow.02,allocate,allow.02_7,The library allowed the bookshelves.,49.0,46.47883224487305,0.8,230.4905242919922,103.7739028930664,74.16372680664062
20,allow,allow.03,admit truth of proposition,allow.03_2,The president allowed the allegation.,46.0,33.33079147338867,0.8,227.1893768310547,65.92916107177734,38.819183349609375
21,allow,allow.03,admit truth of proposition,allow.03_3,The defendant allowed the possibility.,47.0,36.16414260864258,0.8,194.9632110595703,90.34786987304688,43.066246032714844
22,allow,allow.03,admit truth of proposition,allow.03_5,The argument allowed the existence.,49.0,52.26755905151367,0.8,178.4990692138672,98.04208374023438,45.21247863769531
23,allow,allow.03,admit truth of proposition,allow.03_1,The president allowed the billions.,45.0,55.10248565673828,0.8,230.4616241455078,46.81584548950195,48.49371337890625
24,approve,approve.01,assent to,approve.01_1,The board approved the proposal.,43.0,24.12899398803711,0.8,147.27658081054688,30.732269287109375,28.44391632080078
25,approve,approve.01,assent to,approve.01_6,The board approved the project.,48.0,25.32669258117676,0.8,119.82215118408203,31.00564956665039,29.607925415039062
26,approve,approve.01,assent to,approve.01_9,The board approved the budget.,52.0,25.39480400085449,0.8,133.32528686523438,31.003490447998047,29.24576187133789
27,approve,approve.01,assent to,approve.01_0,The board approved the plans.,42.0,26.60665702819824,0.8,136.80210876464844,46.996742248535156,43.71188735961914
28,beat,beat.01,strike,beat.01_5,The batter beat the ball.,47.0,24.26464080810547,0.8,131.33128356933594,31.32464599609375,37.888038635253906
29,beat,beat.01,strike,beat.01_6,The boy beat the girl.,48.0,25.155059814453125,0.8,141.7106170654297,58.852691650390625,30.345359802246094
30,beat,beat.01,strike,beat.01_2,The police beat the man.,44.0,26.81586647033692,0.8,147.650146484375,32.99750518798828,46.9638671875
31,beat,beat.01,strike,beat.01_1,The police beat the suspects.,43.0,28.45687484741211,0.8,185.63626098632812,33.158477783203125,49.939186096191406
32,beat,beat.02,(cause) pulsating motion that often makes sound,beat.02_1,The waves beat the shore.,43.0,24.30324935913086,0.8,141.55894470214844,51.52406311035156,27.76343536376953
33,beat,beat.02,(cause) pulsating motion that often makes sound,beat.02_9,The waves beat the rocks.,54.0,26.78818130493164,0.8,132.6405487060547,54.048370361328125,30.548194885253906
34,beat,beat.02,(cause) pulsating motion that often makes sound,beat.02_7,The musician beat the drums.,51.0,27.58808326721192,0.8,145.9031982421875,46.024051666259766,42.7455940246582
35,beat,beat.02,(cause) pulsating motion that often makes sound,beat.02_0,The waves beat the shoreline.,42.0,31.523082733154297,0.8,152.5859832763672,59.39618682861328,34.93219757080078
36,beat,beat.03,win over some competitor,beat.03_4,The underdog beat the favorite.,47.0,27.98154067993164,0.8,191.72499084472656,51.567230224609375,64.22032928466797
37,beat,beat.03,win over some competitor,beat.03_5,The team beat the opponent.,48.0,33.66119384765625,0.8,186.05099487304688,53.06706619262695,32.71807861328125
38,beat,beat.03,win over some competitor,beat.03_0,The team beat the rival.,42.0,34.06794357299805,0.8,167.615234375,54.34535217285156,32.43865203857422
39,beat,beat.03,win over some competitor,beat.03_9,The team beat the rivals.,54.0,35.07157897949219,0.8,179.84036254882812,63.73862075805664,42.91034698486328
40,belt,belt.01,sing loudly and forcefully,belt.01_2,The choir belted the anthem.,44.0,28.31138610839844,0.8,145.97218322753906,53.052860260009766,32.66732406616211
41,belt,belt.01,sing loudly and forcefully,belt.01_0,The choir belted the song.,42.0,29.468225479125977,0.8,125.46516418457031,52.41346740722656,33.62745666503906
42,belt,belt.01,sing loudly and forcefully,belt.01_7,The singer belted the ballad.,51.0,30.031068801879883,0.8,191.55506896972656,37.11033248901367,33.52851104736328
43,belt,belt.01,sing loudly and forcefully,belt.01_6,The chorus belted the anthem.,49.0,30.933916091918945,0.8,175.46347045898438,67.1671371459961,56.31178665161133
44,belt,belt.02,"deliver a blow to, possibly with a belt",belt.02_1,The boxer belted the referee.,43.0,25.739835739135746,0.8,148.15708923339844,32.383018493652344,30.630157470703125
45,belt,belt.02,"deliver a blow to, possibly with a belt",belt.02_6,The teacher belted the child.,48.0,26.5340518951416,0.8,158.10360717773438,53.695735931396484,32.1068115234375
46,belt,belt.02,"deliver a blow to, possibly with a belt",belt.02_9,The husband belted the wife.,53.0,26.732322692871094,0.8,143.01686096191406,46.61691665649414,44.24393081665039
47,belt,belt.02,"deliver a blow to, possibly with a belt",belt.02_0,The man belted the other.,42.0,29.752744674682617,0.8,166.17947387695312,36.45688247680664,48.02402877807617
48,belt,belt.03,fasten with a belt,belt.03_1,The man belted the woman.,43.0,26.76390647888184,0.8,135.1525115966797,31.154590606689453,31.026214599609375
49,belt,belt.03,fasten with a belt,belt.03_2,The man belted the child.,44.0,29.027809143066406,0.8,155.77969360351562,33.62977981567383,33.99366760253906
50,belt,belt.03,fasten with a belt,belt.03_8,The man belted the saddle.,50.0,31.11944961547852,0.8,155.33255004882812,42.49119186401367,36.72871017456055
51,belt,belt.03,fasten with a belt,belt.03_0,The belts belted the pants.,42.0,35.19239807128906,0.8,204.27796936035156,62.73085021972656,52.271827697753906
52,box,box.01,"to store in a box, put in a box to store",box.01_7,The police boxed the evidence.,49.0,28.29611587524414,0.8,189.7403564453125,68.45614624023438,53.604644775390625
53,box,box.01,"to store in a box, put in a box to store",box.01_9,The children boxed the cookies.,51.0,31.826122283935547,0.8,182.54562377929688,80.37297058105469,74.7577133178711
54,box,box.01,"to store in a box, put in a box to store",box.01_2,The books boxed the room.,44.0,33.0137939453125,0.8,190.29811096191406,40.732643127441406,63.73893737792969
55,box,box.01,"to store in a box, put in a box to store",box.01_3,The bakeries boxed the donuts.,45.0,36.25867462158203,0.8,231.54885864257812,46.300506591796875,52.54632568359375
56,box,box.02,"enclosing (/being enclosed), forming an enclosure",box.02_2,The boxed boxed the catnip.,45.0,46.6981201171875,0.8,184.9252166748047,85.35144805908203,49.05330276489258
57,box,box.02,"enclosing (/being enclosed), forming an enclosure",box.02_9,The boxer boxed the boxinger.,57.0,46.7026596069336,0.8,149.63690185546875,58.510772705078125,63.35565948486328
58,box,box.02,"enclosing (/being enclosed), forming an enclosure",box.02_1,The boxed boxed the boxed.,43.0,48.40385437011719,0.8,152.4434814453125,67.24894714355469,40.52714920043945
59,box,box.02,"enclosing (/being enclosed), forming an enclosure",box.02_7,The boxer boxed the ringleader.,55.0,49.46284484863281,0.8,165.39541625976562,42.06142807006836,59.288352966308594
60,box,box.03,"fight, boxing style",box.03_0,The boxer boxed the opponent.,42.0,26.423847198486328,0.8,150.28585815429688,31.89669418334961,30.64841079711914
61,box,box.03,"fight, boxing style",box.03_4,The phrase boxed the champion.,47.0,37.8139877319336,0.8,184.33424377441406,91.71620178222656,105.3551025390625
62,box,box.03,"fight, boxing style",box.03_1,The boxer boxed the other.,43.0,38.709014892578125,0.8,127.86669921875,37.466583251953125,34.72993850708008
63,box,box.03,"fight, boxing style",box.03_5,The boxer boxed the heavyweight.,48.0,41.22024154663086,0.8,160.342041015625,37.290706634521484,35.07255554199219
64,break,break.01,"break, cause to not be whole",break.01_4,The rock broke the glass.,47.0,26.706233978271484,0.8,141.83387756347656,47.188446044921875,52.09761047363281
65,break,break.01,"break, cause to not be whole",break.01_6,The wind broke the windowpane.,49.0,27.31216812133789,0.8,175.59375,53.819969177246094,30.977432250976562
66,break,break.01,"break, cause to not be whole",break.01_5,The window broke the pane.,48.0,29.942523956298828,0.8,168.789306640625,37.36636734008789,34.070823669433594
67,break,break.01,"break, cause to not be whole",break.01_1,The window broke the windshield.,43.0,30.30310440063477,0.8,178.4617462158203,37.0125732421875,34.28678512573242
68,break,break.13,"happen, come to light, onset, beginning",break.13_0,The scandal broke the otherday.,42.0,37.711669921875,0.8,127.49327087402344,106.18017578125,43.04027557373047
69,break,break.13,"happen, come to light, onset, beginning",break.13_1,The war broke the daylighting.,43.0,41.874210357666016,0.8,147.63462829589844,83.90858459472656,64.3213882446289
70,break,break.13,"happen, come to light, onset, beginning",break.13_8,The breakdowns broke the company.,50.0,43.17474365234375,0.8,211.58335876464844,106.80767822265625,43.1636962890625
71,break,break.13,"happen, come to light, onset, beginning",break.13_6,The breakdowns broke the newsflashes.,48.0,54.552825927734375,0.8,181.98831176757812,83.23665618896484,55.28466796875
72,break,break.16,separate one entity from another,break.16_0,The glass broke the bottle.,42.0,28.55600547790528,0.8,145.64747619628906,37.101531982421875,33.94788360595703
73,break,break.16,separate one entity from another,break.16_6,The glass broke the fall.,48.0,28.898082733154297,0.8,128.8678436279297,38.52948760986328,33.269744873046875
74,break,break.16,separate one entity from another,break.16_1,The glass broke the windowpane.,43.0,29.405780792236328,0.8,159.76528930664062,36.661155700683594,33.601318359375
75,break,break.16,separate one entity from another,break.16_5,The plate broke the fall.,47.0,29.483789443969727,0.8,188.20045471191406,38.98501205444336,40.67030334472656
76,break,break.18,"violate (the law, an oath, trust, etc)",break.18_5,The criminal broke the law.,47.0,26.100265502929688,0.8,148.0009307861328,43.651458740234375,67.89346313476562
77,break,break.18,"violate (the law, an oath, trust, etc)",break.18_1,The president broke the law.,43.0,26.882221221923828,0.8,153.9693603515625,46.19815444946289,30.1695556640625
78,break,break.18,"violate (the law, an oath, trust, etc)",break.18_6,The government broke the law.,48.0,27.43473052978516,0.8,140.7664031982422,56.8929443359375,29.89086151123047
79,break,break.18,"violate (the law, an oath, trust, etc)",break.18_2,The president broke the promise.,44.0,30.44377899169922,0.8,181.8494415283203,63.14791488647461,34.13265609741211
80,build,build.01,construct,build.01_6,The engineers built the bridge.,49.0,25.429149627685547,0.8,136.743896484375,45.38959503173828,44.3720588684082
81,build,build.01,construct,build.01_0,The company built the bridge.,42.0,26.335845947265625,0.8,158.46495056152344,33.053062438964844,31.16020965576172
82,build,build.01,construct,build.01_9,The carpenter built the table.,53.0,27.72949981689453,0.8,172.0576934814453,62.44068145751953,32.90697479248047
83,build,build.01,construct,build.01_3,The team built the tower.,46.0,29.13354110717773,0.8,178.42347717285156,35.15516662597656,33.6838264465332
84,build,build.02,grow,build.02_4,The cathedral built the architectural.,46.0,55.8185920715332,0.8,190.41038513183594,125.58568572998047,53.36051940917969
85,build,build.02,grow,build.02_3,The forest built the pinecone.,45.0,57.15325164794922,0.8,154.6179656982422,90.08879089355469,99.88182067871094
86,build,build.02,grow,build.02_5,The rosebushes built the trellis.,47.0,58.35607147216797,0.8,207.94190979003906,100.14173126220703,75.17881774902344
87,build,build.02,grow,build.02_2,The tree built the leaves.,44.0,59.91364288330078,0.8,121.17124938964844,84.53926086425781,64.92295837402344
88,build,build.03,include,build.03_7,The course built the student.,49.0,49.98235321044922,0.8,147.1320343017578,73.46472930908203,42.11954879760742
89,build,build.03,include,build.03_9,The software built the results.,51.0,50.68965911865234,0.8,185.3619842529297,89.5636978149414,57.24229049682617
90,build,build.03,include,build.03_0,The booklet built the reader.,42.0,54.16506576538086,0.8,163.58639526367188,96.22022247314453,45.182376861572266
91,build,build.03,include,build.03_5,The wordplay built the novel.,47.0,55.53943634033203,0.8,184.60369873046875,132.13304138183594,62.767948150634766
92,burn,burn.01,(cause to) be on fire,burn.01_0,The fire burned the house.,42.0,25.126758575439453,0.8,193.43621826171875,31.731061935424805,28.545421600341797
93,burn,burn.01,(cause to) be on fire,burn.01_7,The fire burned the building.,52.0,25.602746963500977,0.8,185.56529235839844,32.77298355102539,29.059368133544922
94,burn,burn.01,(cause to) be on fire,burn.01_5,The match burned the paper.,49.0,26.72015190124512,0.8,132.9234619140625,51.56936264038086,48.8939323425293
95,burn,burn.01,(cause to) be on fire,burn.01_2,The building burned the firemen.,46.0,37.999244689941406,0.8,180.6262969970703,44.14215087890625,41.45161056518555
96,button,button.01,fasten the buttons on,button.01_6,The children buttoned the buttons.,48.0,28.958553314208984,0.8,180.20057678222656,37.08298873901367,34.39300537109375
97,button,button.01,fasten the buttons on,button.01_0,The children buttoned the coats.,42.0,31.50592803955078,0.8,171.2259979248047,50.580970764160156,47.51209259033203
98,button,button.01,fasten the buttons on,button.01_9,The girl buttoned the first.,51.0,42.4999885559082,0.8,154.4925079345703,40.39691162109375,39.530269622802734
99,button,button.01,fasten the buttons on,button.01_5,The first buttoned the blouse.,47.0,51.38617706298828,0.8,130.7503204345703,57.821556091308594,37.99713897705078
100,cast,cast.01,"throw outward, throw (dice, fishing lines, shadows)",cast.01_5,The children cast the dice.,48.0,28.01660919189453,0.8,182.38351440429688,55.0683708190918,50.84477996826172
101,cast,cast.01,"throw outward, throw (dice, fishing lines, shadows)",cast.01_1,The sun cast the shadowy.,43.0,38.50596237182617,0.8,136.15249633789062,48.214393615722656,47.24052429199219
102,cast,cast.01,"throw outward, throw (dice, fishing lines, shadows)",cast.01_6,The magician cast the spell.,49.0,38.75454330444336,0.8,164.1382598876953,32.28792190551758,30.1968994140625
103,cast,cast.01,"throw outward, throw (dice, fishing lines, shadows)",cast.01_8,The actor cast the die.,52.0,38.86269378662109,0.8,169.6650390625,33.89104080200195,31.148691177368164
104,cast,cast.02,"name, assign a role",cast.02_8,The director cast the actor.,52.0,26.86117553710937,0.8,146.2316436767578,34.5854606628418,32.4666748046875
105,cast,cast.02,"name, assign a role",cast.02_9,The actors cast the parts.,53.0,29.536853790283203,0.8,118.08283996582031,50.79307556152344,49.398067474365234
106,cast,cast.02,"name, assign a role",cast.02_4,The actor cast the lead.,46.0,30.69881057739257,0.8,176.375,36.96726989746094,36.49552917480469
107,cast,cast.02,"name, assign a role",cast.02_0,The director cast the actresses.,42.0,30.90406036376953,0.8,169.58367919921875,39.12073516845703,35.903289794921875
108,cast,cast.03,make 3d reproductions from a mold,cast.03_6,The wax cast the face.,49.0,37.088340759277344,0.8,150.5460205078125,75.40611267089844,43.26295471191406
109,cast,cast.03,make 3d reproductions from a mold,cast.03_9,The sculptor cast the bronze.,52.0,37.490478515625,0.8,155.3784942626953,60.19670104980469,34.364585876464844
110,cast,cast.03,make 3d reproductions from a mold,cast.03_4,The foundry cast the pewterware.,47.0,37.498382568359375,0.8,190.8195037841797,62.40268325805664,57.962921142578125
111,cast,cast.03,make 3d reproductions from a mold,cast.03_0,The sculptor cast the statue.,42.0,37.632450103759766,0.8,163.05148315429688,58.98297119140625,32.73485565185547
112,cast,cast.04,bandage in plaster,cast.04_7,The doctor cast the brokenarm.,52.0,33.077266693115234,0.8,206.33644104003906,42.397151947021484,38.38357162475586
113,cast,cast.04,bandage in plaster,cast.04_5,The nurse cast the brokenarm.,49.0,34.21348571777344,0.8,226.38555908203125,63.03199005126953,40.43597412109375
114,cast,cast.04,bandage in plaster,cast.04_8,The doctors cast the brokenbone.,53.0,35.569541931152344,0.8,228.65496826171875,55.206398010253906,51.666908264160156
115,cast,cast.04,bandage in plaster,cast.04_1,The doctor cast the broken.,43.0,36.83048629760742,0.8,185.23532104492188,36.55084228515625,33.248085021972656
116,catch,catch.01,get,catch.01_8,The boy caught the ball.,51.0,22.997146606445312,0.8,144.50889587402344,28.595165252685547,28.094404220581055
117,catch,catch.01,get,catch.01_5,The man caught the bus.,47.0,25.878219604492188,0.8,126.14291381835938,32.5823974609375,30.405797958374023
118,catch,catch.01,get,catch.01_4,The dog caught the bone.,46.0,26.03808212280273,0.8,155.7204132080078,30.73980140686035,29.536834716796875
119,catch,catch.01,get,catch.01_1,The ball caught the player.,43.0,27.16987991333008,0.8,119.72949981689453,34.59701919555664,32.712310791015625
120,catch,catch.02,"come upon, find",catch.02_0,The police caught the criminal.,42.0,27.97090148925781,0.8,184.06109619140625,31.404170989990234,30.48556137084961
121,catch,catch.02,"come upon, find",catch.02_7,The boy caught the rabbit.,51.0,30.393035888671875,0.8,170.79376220703125,33.32023620605469,62.13619613647461
122,catch,catch.02,"come upon, find",catch.02_5,The police caught the suspects.,48.0,30.990392684936523,0.8,158.58221435546875,35.6215934753418,33.838653564453125
123,catch,catch.02,"come upon, find",catch.02_8,The thief caught the watchman.,52.0,33.27063751220703,0.8,118.92655944824219,41.43022918701172,38.808265686035156
124,catch,catch.03,trap,catch.03_8,The cat caught the mouse.,51.0,22.593725204467773,0.8,147.37445068359375,27.185588836669922,27.114688873291016
125,catch,catch.03,trap,catch.03_9,The police caught the thief.,52.0,22.833147048950195,0.8,168.00332641601562,29.704631805419922,28.403793334960938
126,catch,catch.03,trap,catch.03_6,The mouse caught the trap.,48.0,23.461021423339844,0.8,135.19381713867188,31.058963775634766,27.264808654785156
127,catch,catch.03,trap,catch.03_2,The police caught the burglar.,44.0,24.39547348022461,0.8,175.131591796875,31.37624740600586,29.60891342163086
128,chip,chip.01,break off small pieces,chip.01_9,The glacier chipped the rocks.,53.0,29.89525032043457,0.8,219.2960205078125,49.220088958740234,71.25724792480469
129,chip,chip.01,break off small pieces,chip.01_4,The waves chipped the boat.,47.0,30.60478401184082,0.8,141.3665771484375,38.635292053222656,57.34730529785156
130,chip,chip.01,break off small pieces,chip.01_1,The chips chipped the paintwork.,43.0,37.38437271118164,0.8,143.7561492919922,57.601768493652344,71.4205551147461
131,chip,chip.01,break off small pieces,chip.01_0,The ice chipped the windshields.,42.0,38.5100212097168,0.8,188.79913330078125,43.48353576660156,51.68328094482422
132,chop,chop.01,"cut up, (attempt to) cut with a chopping motion",chop.01_8,The chicken chopped the onions.,50.0,34.98556137084961,0.8,195.7828369140625,50.977848052978516,51.56044006347656
133,chop,chop.01,"cut up, (attempt to) cut with a chopping motion",chop.01_0,The police chopped the carrot.,42.0,39.12618637084961,0.8,188.45367431640625,56.05558776855469,51.418601989746094
134,chop,chop.01,"cut up, (attempt to) cut with a chopping motion",chop.01_9,The knife chopped the tomatoes.,51.0,44.87487030029297,0.8,174.4656524658203,33.124778747558594,46.853153228759766
135,chop,chop.01,"cut up, (attempt to) cut with a chopping motion",chop.01_7,The wind chopped the waves.,49.0,46.86737060546875,0.8,146.95556640625,35.97887420654297,32.57128143310547
136,chuck,chuck.01,"to throw, give up",chuck.01_1,The player chucked the ball.,43.0,26.11523056030273,0.8,141.0733184814453,60.488624572753906,85.18644714355469
137,chuck,chuck.01,"to throw, give up",chuck.01_7,The pitcher chucked the ball.,49.0,27.2442569732666,0.8,163.9178466796875,31.129478454589844,42.42268371582031
138,chuck,chuck.01,"to throw, give up",chuck.01_6,The manager chucked the project.,48.0,29.93747329711914,0.8,208.343994140625,58.1065559387207,52.956268310546875
139,chuck,chuck.01,"to throw, give up",chuck.01_0,The man chucked the dice.,42.0,30.5772705078125,0.8,165.56399536132812,44.7219123840332,36.95515060424805
140,clean,clean.01,to free from dirt,clean.01_7,The child cleaned the room.,49.0,26.601821899414062,0.8,172.2624969482422,50.250389099121094,49.04558563232422
141,clean,clean.01,to free from dirt,clean.01_0,The housekeeper cleaned the bathroom.,42.0,26.66901588439941,0.8,161.7870330810547,31.99312973022461,30.707124710083008
142,clean,clean.01,to free from dirt,clean.01_4,The boy cleaned the garage.,46.0,28.44930648803711,0.8,192.1556854248047,63.34272384643555,61.50859832763672
143,clean,clean.01,to free from dirt,clean.01_1,The cleaningwoman cleaned the house.,43.0,32.411170959472656,0.8,157.64187622070312,48.2458381652832,37.763938903808594
144,clear,clear.01,"clean, make clear or open",clear.01_3,The police cleared the suspects.,46.0,31.254188537597656,0.8,207.34347534179688,34.22929000854492,34.755126953125
145,clear,clear.01,"clean, make clear or open",clear.01_1,The water cleared the glasses.,43.0,36.03065490722656,0.8,197.8419189453125,61.706565856933594,38.8553581237793
146,clear,clear.01,"clean, make clear or open",clear.01_9,The window cleared the windscreen.,52.0,37.0594367980957,0.8,191.87277221679688,96.9455795288086,67.01885986328125
147,clear,clear.01,"clean, make clear or open",clear.01_8,The airplane cleared the runway.,51.0,41.13387298583984,0.8,173.24554443359375,32.54730224609375,31.905689239501953
148,clear,clear.02,"approve, permit",clear.02_1,The president cleared the bill.,43.0,27.1853256225586,0.8,172.03912353515625,49.107696533203125,30.314754486083984
149,clear,clear.02,"approve, permit",clear.02_9,The captain cleared the shipment.,52.0,31.73078727722168,0.8,144.73036193847656,69.47257232666016,36.18878936767578
150,clear,clear.02,"approve, permit",clear.02_6,The mayor cleared the newswoman.,48.0,40.79209899902344,0.8,193.4188690185547,79.13374328613281,46.046966552734375
151,clear,clear.02,"approve, permit",clear.02_0,The judge cleared the case.,42.0,41.28688430786133,0.8,152.03646850585938,33.162506103515625,32.56141662597656
152,clear,clear.03,"escape, avoid, get past or through",clear.03_8,The boy cleared the fence.,53.0,27.62448501586914,0.8,180.44432067871094,34.988677978515625,59.149715423583984
153,clear,clear.03,"escape, avoid, get past or through",clear.03_2,The boat cleared the reefs.,45.0,29.70373916625977,0.8,193.8405303955078,38.368873596191406,35.22263717651367
154,clear,clear.03,"escape, avoid, get past or through",clear.03_1,The car cleared the intersection.,43.0,39.99759292602539,0.8,137.71127319335938,33.23060607910156,31.93459701538086
155,clear,clear.03,"escape, avoid, get past or through",clear.03_5,The enemy cleared the defensiveworks.,49.0,42.02091598510742,0.8,227.72430419921875,71.3890151977539,87.91153717041016
156,coat,coat.01,"cover, apply something to a surface",coat.01_7,The paint coated the walls.,52.0,25.73055076599121,0.8,169.06394958496094,32.7320556640625,31.364402770996094
157,coat,coat.01,"cover, apply something to a surface",coat.01_0,The paint coated the wall.,42.0,33.32525634765625,0.8,157.4232177734375,32.3304557800293,30.808094024658203
158,coat,coat.01,"cover, apply something to a surface",coat.01_8,The sun coated the windowpane.,53.0,35.20962142944336,0.8,189.33839416503906,41.87666702270508,40.1954460144043
159,coat,coat.01,"cover, apply something to a surface",coat.01_4,The coatings coated the wires.,48.0,40.52642059326172,0.8,208.30108642578125,106.92007446289062,86.20921325683594
160,cover,cover.01,"has responsibility for, handles, insures, accounts for",cover.01_2,The manager covered the inventory.,44.0,29.21712684631348,0.8,212.55178833007812,71.94115447998047,33.609798431396484
161,cover,cover.01,"has responsibility for, handles, insures, accounts for",cover.01_8,The manager covered the nightshift.,50.0,32.24069595336914,0.8,221.10775756835938,90.04792785644531,36.81837844848633
162,cover,cover.01,"has responsibility for, handles, insures, accounts for",cover.01_5,The captain covered the shipwrecked.,47.0,38.28210067749024,0.8,186.3465576171875,83.75443267822266,45.97505187988281
163,cover,cover.01,"has responsibility for, handles, insures, accounts for",cover.01_6,The bank covered the accounting.,48.0,41.21344757080078,0.8,179.95184326171875,107.51829528808594,51.1710205078125
164,cover,cover.02,"smear, put over, spreading across",cover.02_1,The paint covered the wall.,43.0,23.04749298095703,0.8,178.3001708984375,55.20569610595703,52.0205192565918
165,cover,cover.02,"smear, put over, spreading across",cover.02_2,The smell covered the kitchen.,45.0,29.47482681274414,0.8,186.72427368164062,74.96742248535156,55.42993927001953
166,cover,cover.02,"smear, put over, spreading across",cover.02_8,The paint covered the wallpaper.,52.0,29.944664001464844,0.8,186.9122772216797,60.746070861816406,58.388519287109375
167,cover,cover.02,"smear, put over, spreading across",cover.02_9,The film covered the floorboards.,53.0,35.46788787841797,0.8,211.32489013671875,79.77828979492188,70.48407745361328
168,cover,cover.03,broadcast,cover.03_0,The media covered the trial.,42.0,26.92904281616211,0.8,178.01698303222656,36.49911117553711,31.808334350585938
169,cover,cover.03,broadcast,cover.03_6,The band covered the song.,49.0,30.766407012939453,0.8,125.33340454101562,35.62384033203125,37.181617736816406
170,cover,cover.03,broadcast,cover.03_9,The newscast covered the earthquake.,53.0,31.88607788085937,0.8,197.1046905517578,76.58283233642578,46.247501373291016
171,cover,cover.03,broadcast,cover.03_8,The news covered the protests.,52.0,32.95218276977539,0.8,156.04515075683594,57.54650115966797,35.81886291503906
172,crash,crash.01,"to break, undergo damage, possibly producing a characteristic sound, possibly resulting in a sound",crash.01_0,The car crashed the wall.,42.0,28.13540267944336,0.8,118.52459716796875,33.657318115234375,32.576377868652344
173,crash,crash.01,"to break, undergo damage, possibly producing a characteristic sound, possibly resulting in a sound",crash.01_7,The car crashed the guardrail.,52.0,29.2680721282959,0.8,165.659423828125,34.5956916809082,33.512935638427734
174,crash,crash.01,"to break, undergo damage, possibly producing a characteristic sound, possibly resulting in a sound",crash.01_4,The truck crashed the guardrail.,47.0,29.804094314575195,0.8,153.850830078125,37.51627731323242,34.86974334716797
175,crash,crash.01,"to break, undergo damage, possibly producing a characteristic sound, possibly resulting in a sound",crash.01_1,The car crashed the gatepost.,43.0,30.583032608032227,0.8,132.9927978515625,37.272850036621094,35.03521728515625
176,crash,crash.02,"to enter uninvited, invite oneself in",crash.02_5,The cat crashed the party.,48.0,24.907833099365234,0.8,145.82135009765625,33.95527267456055,42.796119689941406
177,crash,crash.02,"to enter uninvited, invite oneself in",crash.02_0,The man crashed the party.,42.0,25.33771514892578,0.8,152.20460510253906,35.456077575683594,29.169944763183594
178,crash,crash.02,"to enter uninvited, invite oneself in",crash.02_4,The stranger crashed the party.,47.0,26.555137634277344,0.8,246.4143829345703,64.92681884765625,58.42654800415039
179,crash,crash.02,"to enter uninvited, invite oneself in",crash.02_6,The salesman crashed the meeting.,49.0,29.052021026611328,0.8,197.78414916992188,79.23069763183594,32.10038375854492
180,crash,crash.04,"fall asleep heavily, maybe someplace other than home",crash.04_2,The dog crashed the party.,44.0,31.37483024597168,0.8,151.41558837890625,50.72782897949219,36.42226791381836
181,crash,crash.04,"fall asleep heavily, maybe someplace other than home",crash.04_9,The baby crashed the crib.,52.0,33.71440124511719,0.8,166.73916625976562,70.39607238769531,59.194061279296875
182,crash,crash.04,"fall asleep heavily, maybe someplace other than home",crash.04_3,The student crashed the meeting.,45.0,34.79988098144531,0.8,192.12232971191406,54.89400100708008,54.608177185058594
183,crash,crash.04,"fall asleep heavily, maybe someplace other than home",crash.04_1,The baby crashed the car.,43.0,44.19426727294922,0.8,153.19776916503906,63.719913482666016,57.50117492675781
184,draw,draw.01,"art, the action of illustrating/making pictures with a writing implement",draw.01_1,The artist drew the picture.,43.0,24.76227569580078,0.8,126.3675537109375,28.640851974487305,28.594602584838867
185,draw,draw.01,"art, the action of illustrating/making pictures with a writing implement",draw.01_2,The artist drew the portrait.,44.0,26.276700973510746,0.8,160.4805450439453,30.26409149169922,30.06134796142578
186,draw,draw.01,"art, the action of illustrating/making pictures with a writing implement",draw.01_8,The artist drew the painting.,54.0,27.5331974029541,0.8,177.07479858398438,30.332138061523438,31.55548095703125
187,draw,draw.01,"art, the action of illustrating/making pictures with a writing implement",draw.01_4,The child drew the scene.,47.0,33.07898712158203,0.8,180.47467041015625,56.533775329589844,37.83808898925781
188,draw,draw.02,"pull, extract, withdraw",draw.02_7,The thief drew the gun.,49.0,29.275802612304688,0.8,125.9742660522461,49.97543716430664,48.76030731201172
189,draw,draw.02,"pull, extract, withdraw",draw.02_1,The water drew the fisherman.,43.0,37.00237274169922,0.8,242.4855194091797,89.57817840576172,70.16268920898438
190,draw,draw.02,"pull, extract, withdraw",draw.02_5,The airport drew the airplanes.,47.0,38.66012191772461,0.8,171.42564392089844,58.32527160644531,54.989166259765625
191,draw,draw.02,"pull, extract, withdraw",draw.02_2,The water drew the fishinghook.,44.0,40.71382141113281,0.8,270.742919921875,72.62174224853516,66.73646545410156
192,draw,draw.05,brandish a weapon,draw.05_6,The robber drew the gun.,48.0,27.84741973876953,0.8,128.5430450439453,35.18537139892578,31.093219757080078
193,draw,draw.05,brandish a weapon,draw.05_1,The man drew the gun.,43.0,28.139572143554688,0.8,146.5845184326172,31.994876861572266,32.50566101074219
194,draw,draw.05,brandish a weapon,draw.05_2,The man drew the sword.,44.0,28.49089813232422,0.8,126.45186614990234,32.86848449707031,33.43656539916992
195,draw,draw.05,brandish a weapon,draw.05_0,The man drew the pistol.,42.0,29.45423126220703,0.8,168.42831420898438,34.451194763183594,34.19818115234375
196,drop,drop.01,"go down, cause to fall",drop.01_4,The elevator dropped the three.,46.0,36.386680603027344,0.8,174.42787170410156,105.56749725341797,72.31185913085938
197,drop,drop.01,"go down, cause to fall",drop.01_5,The airplane dropped the bombs.,47.0,44.61577606201172,0.8,135.0762939453125,85.68152618408203,49.886653900146484
198,drop,drop.01,"go down, cause to fall",drop.01_3,The elevator dropped the man.,45.0,55.445072174072266,0.8,162.79698181152344,71.6380844116211,65.52249145507812
199,drop,drop.01,"go down, cause to fall",drop.01_8,The water dropped the bread.,50.0,63.01431274414063,0.8,228.21340942382812,52.9601936340332,92.1446533203125
200,drop,drop.05,"remove, end",drop.05_1,The company dropped the project.,43.0,26.51858901977539,0.8,180.81771850585938,69.49256134033203,29.369312286376953
201,drop,drop.05,"remove, end",drop.05_8,The company dropped the plan.,50.0,28.53947830200196,0.8,179.863525390625,72.79579162597656,31.605655670166016
202,drop,drop.05,"remove, end",drop.05_2,The company dropped the employee.,44.0,29.26352500915528,0.8,199.30142211914062,72.3796157836914,31.797752380371094
203,drop,drop.05,"remove, end",drop.05_0,The company dropped the requirement.,42.0,29.518186569213867,0.8,199.81298828125,75.89126586914062,33.53750991821289
204,drop,drop.06,"give, esp. names, mention in an offhand way",drop.06_2,The president dropped the subject.,44.0,28.651973724365234,0.8,181.1981658935547,38.848690032958984,31.51512336730957
205,drop,drop.06,"give, esp. names, mention in an offhand way",drop.06_0,The book dropped the names.,42.0,31.97120857238769,0.8,170.855712890625,113.1251449584961,49.69482421875
206,drop,drop.06,"give, esp. names, mention in an offhand way",drop.06_4,The mayor dropped the idea.,46.0,32.75624084472656,0.8,163.47340393066406,39.564186096191406,35.63236999511719
207,drop,drop.06,"give, esp. names, mention in an offhand way",drop.06_8,The film dropped the director.,51.0,45.14472198486328,0.8,203.90403747558594,61.15899658203125,38.825931549072266
208,drop,drop.07,spend money,drop.07_2,The bank dropped the rate.,45.0,47.85334014892578,0.8,155.48793029785156,85.59024047851562,95.83390808105469
209,drop,drop.07,spend money,drop.07_1,The company dropped the equivalent.,43.0,59.63632583618164,0.8,191.1292724609375,120.23954010009766,56.56279373168945
210,drop,drop.07,spend money,drop.07_3,The bill dropped the bills.,47.0,66.00574493408203,0.8,216.536865234375,98.11846160888672,84.17465209960938
211,drop,drop.07,spend money,drop.07_8,The old dropped the youngsters.,53.0,68.94673919677734,0.8,206.6232452392578,72.07784271240234,132.64785766601562
212,earn,earn.01,wages,earn.01_9,The amount earned the last.,51.0,47.87203979492188,0.8,185.91781616210938,79.18759155273438,47.17185974121094
213,earn,earn.01,wages,earn.01_3,The salary earned the doctor.,45.0,54.96954345703125,0.8,175.88430786132812,81.90135955810547,60.70589828491211
214,earn,earn.01,wages,earn.01_4,The salary earned the worker.,46.0,61.50733184814453,0.8,146.83787536621094,76.19998931884766,57.07670593261719
215,earn,earn.01,wages,earn.01_8,The teacher earned the salary.,50.0,68.49456024169922,0.8,194.2414093017578,38.91313934326172,66.8812026977539
216,encounter,encounter.01,to meet unexpectedly,encounter.01_4,The children encountered the dragon.,46.0,33.171268463134766,0.8,199.2513885498047,73.19558715820312,72.50016784667969
217,encounter,encounter.01,to meet unexpectedly,encounter.01_6,The police encountered the suspects.,48.0,34.15839385986328,0.8,240.71994018554688,38.45629119873047,38.09391784667969
218,encounter,encounter.01,to meet unexpectedly,encounter.01_9,The travelers encountered the warlord.,51.0,37.83928298950195,0.8,216.9034423828125,68.44791412353516,89.68201446533203
219,encounter,encounter.01,to meet unexpectedly,encounter.01_7,The dog encountered the cat.,49.0,42.11848831176758,0.8,137.973388671875,32.21778106689453,33.033870697021484
220,fetch,fetch.01,bring (back),fetch.01_1,The dog fetched the ball.,43.0,20.26209259033203,0.8,131.0410614013672,26.0960693359375,25.304542541503906
221,fetch,fetch.01,bring (back),fetch.01_0,The dog fetched the stick.,42.0,20.962966918945312,0.8,134.78640747070312,27.302566528320312,26.186054229736328
222,fetch,fetch.01,bring (back),fetch.01_2,The dog fetched the newspaper.,51.0,22.49646759033203,0.8,133.56736755371094,28.346290588378906,27.16678237915039
223,fetch,fetch.01,bring (back),fetch.01_3,The dog fetched the bone.,54.0,23.453725814819336,0.8,142.09487915039062,28.68401336669922,27.618637084960938
224,fight,fight.01,fight,fight.01_4,The students fought the administration.,47.0,31.509737014770508,0.8,180.11129760742188,50.49542236328125,81.61942291259766
225,fight,fight.01,fight,fight.01_3,The boxers fought the round.,46.0,31.559627532958984,0.8,155.92677307128906,54.88594055175781,53.11509704589844
226,fight,fight.01,fight,fight.01_1,The two fought the war.,43.0,33.07923889160156,0.8,152.00506591796875,39.827049255371094,45.89476013183594
227,fight,fight.01,fight,fight.01_6,The people fought the warringlords.,49.0,39.34717559814453,0.8,242.29263305664062,65.99143981933594,63.93897247314453
228,fire,fire.01,fire a gun,fire.01_6,The man fired the gun.,48.0,23.956417083740234,0.8,124.72615051269531,30.231264114379883,28.675220489501953
229,fire,fire.01,fire a gun,fire.01_9,The officer fired the revolver.,51.0,29.48129844665528,0.8,201.98065185546875,35.677101135253906,32.89454650878906
230,fire,fire.01,fire a gun,fire.01_7,The soldiers fired the cannons.,49.0,29.54334259033203,0.8,220.15016174316406,76.08837890625,59.290191650390625
231,fire,fire.01,fire a gun,fire.01_5,The suspect fired the weapon.,47.0,29.73535346984864,0.8,165.65728759765625,37.06715774536133,32.784908294677734
232,fire,fire.02,cause to cease employment,fire.02_5,The boss fired the employee.,49.0,23.53430557250977,0.8,230.65005493164062,28.6431827545166,28.531715393066406
233,fire,fire.02,cause to cease employment,fire.02_0,The company fired the workers.,42.0,24.9988956451416,0.8,198.5741424560547,46.879234313964844,43.19036102294922
234,fire,fire.02,cause to cease employment,fire.02_7,The company fired the secretary.,52.0,25.516733169555664,0.8,197.20346069335938,33.48051452636719,29.86777114868164
235,fire,fire.02,cause to cease employment,fire.02_1,The company fired the employee.,43.0,37.7140998840332,0.8,172.63351440429688,31.193710327148438,28.444896697998047
236,fire,fire.03,cause to burn or bake,fire.03_4,The oven fired the bread.,46.0,25.52518844604492,0.8,171.970947265625,38.34172058105469,28.24649429321289
237,fire,fire.03,cause to burn or bake,fire.03_1,The fire fired the potatoes.,43.0,28.576805114746094,0.8,218.39830017089844,53.320709228515625,42.011573791503906
238,fire,fire.03,cause to burn or bake,fire.03_5,The baker fired the breads.,47.0,28.966392517089844,0.8,181.109375,40.37389373779297,32.32224655151367
239,fire,fire.03,cause to burn or bake,fire.03_9,The firemen fired the kiln.,51.0,29.16803741455078,0.8,175.0849609375,54.709861755371094,31.42435073852539
240,fire,fire.04,fuel or ignite,fire.04_7,The flint fired the steel.,49.0,30.336132049560547,0.8,202.26849365234375,92.44839477539062,32.96242904663086
241,fire,fire.04,fuel or ignite,fire.04_0,The fire fired the stove.,42.0,30.423986434936523,0.8,207.2291717529297,51.504981994628906,33.90475845336914
242,fire,fire.04,fuel or ignite,fire.04_1,The fireplace fired the logs.,43.0,30.502338409423828,0.8,205.87889099121094,40.7535400390625,32.82536315917969
243,fire,fire.04,fuel or ignite,fire.04_2,The firewood fired the stove.,44.0,32.43882751464844,0.8,200.18344116210938,43.14940643310547,32.99643325805664
244,fold,fold.01,mix ingredients gently,fold.01_2,The chef folded the flour.,45.0,29.667932510375977,0.8,177.83168029785156,38.59629821777344,48.63960266113281
245,fold,fold.01,mix ingredients gently,fold.01_7,The cake folded the eggsinto.,50.0,50.45332717895508,0.8,147.45907592773438,91.089111328125,58.92558288574219
246,fold,fold.01,mix ingredients gently,fold.01_1,The cake folded the two.,43.0,52.622467041015625,0.8,162.87167358398438,106.68888854980469,47.215091705322266
247,fold,fold.01,mix ingredients gently,fold.01_0,The cake folded the eggs.,42.0,65.06407928466797,0.8,136.98458862304688,73.95539093017578,43.211761474609375
248,fold,fold.02,fold hands,fold.02_0,The children folded the hands.,42.0,30.08913230895996,0.8,150.65457153320312,54.42193603515625,35.22654342651367
249,fold,fold.02,fold hands,fold.02_1,The priest folded the congregation.,43.0,31.905658721923828,0.8,186.1870574951172,68.56329345703125,35.98977279663086
250,fold,fold.02,fold hands,fold.02_2,The priest folded the arms.,44.0,32.37833023071289,0.8,174.97276306152344,65.29805755615234,35.82819366455078
251,fold,fold.02,fold hands,fold.02_8,The priest folded the children.,50.0,33.963409423828125,0.8,163.5609130859375,80.93111419677734,37.4412841796875
252,fold,fold.03,origami,fold.03_1,The boy folded the paper.,45.0,25.5889835357666,0.8,154.30563354492188,58.12071990966797,30.974578857421875
253,fold,fold.03,origami,fold.03_4,The children folded the paper.,49.0,27.824893951416016,0.8,146.91468811035156,32.68273162841797,31.72690200805664
254,fold,fold.03,origami,fold.03_7,The student folded the paper.,53.0,37.073516845703125,0.8,135.1648712158203,31.04519271850586,31.320968627929688
255,fold,fold.03,origami,fold.03_9,The kids folded the papercranes.,55.0,37.295677185058594,0.8,197.4938201904297,43.863765716552734,56.696533203125
256,fold,fold.06,(terminate) a failing business,fold.06_7,The bank folded the company.,49.0,27.406896591186523,0.8,173.508056640625,91.88185119628906,44.23952102661133
257,fold,fold.06,(terminate) a failing business,fold.06_1,The company folded the project.,43.0,43.08671951293945,0.8,192.75706481933594,74.78812408447266,34.58341598510742
258,fold,fold.06,(terminate) a failing business,fold.06_2,The company folded the day.,44.0,44.90346145629883,0.8,187.82676696777344,78.40995788574219,41.24791717529297
259,fold,fold.06,(terminate) a failing business,fold.06_8,The company folded the projected.,50.0,47.56501770019531,0.8,202.35324096679688,84.57723236083984,45.01910400390625
260,grab,grab.01,"to capture, obtain, taking hold of",grab.01_1,The thief grabbed the purse.,43.0,23.875289916992188,0.8,181.05062866210938,29.59743881225586,28.586647033691406
261,grab,grab.01,"to capture, obtain, taking hold of",grab.01_0,The thief grabbed the wallet.,42.0,25.11272621154785,0.8,177.99887084960938,30.790058135986328,29.685840606689453
262,grab,grab.01,"to capture, obtain, taking hold of",grab.01_6,The dog grabbed the bone.,49.0,25.29353904724121,0.8,149.0948486328125,28.106626510620117,28.950664520263672
263,grab,grab.01,"to capture, obtain, taking hold of",grab.01_9,The child grabbed the toy.,53.0,26.921932220458984,0.8,204.60357666015625,49.506744384765625,48.92076873779297
264,hack,hack.01,chop sloppily,hack.01_0,The butcher hacked the meat.,42.0,23.743030548095703,0.8,142.1002197265625,48.30252456665039,29.248226165771484
265,hack,hack.01,chop sloppily,hack.01_2,The chef hacked the potatoes.,46.0,29.10529327392578,0.8,180.9053955078125,55.2235107421875,32.889862060546875
266,hack,hack.01,chop sloppily,hack.01_7,The butcher hacked the beefsteak.,54.0,32.246761322021484,0.8,190.55320739746094,56.69255828857422,36.8052978515625
267,hack,hack.01,chop sloppily,hack.01_6,The gardener hacked the hedgebacks.,53.0,38.218994140625,0.8,216.53900146484375,84.22923278808594,45.31315231323242
268,hack,hack.03,remove pieces,hack.03_5,The programmer hacked the code.,47.0,29.194780349731445,0.8,182.0052947998047,51.169090270996094,50.35993957519531
269,hack,hack.03,remove pieces,hack.03_9,The butcher hacked the bone.,51.0,29.77165985107422,0.8,155.10049438476562,52.65810775756836,49.616180419921875
270,hack,hack.03,remove pieces,hack.03_0,The carpenter hacked the woodwork.,42.0,34.53822326660156,0.8,224.6561737060547,96.6760482788086,51.31775665283203
271,hack,hack.03,remove pieces,hack.03_2,The hacker hacked the codebase.,44.0,35.60258102416992,0.8,163.49072265625,39.01350784301758,41.36208724975586
272,hack,hack.04,"computer work, breaking into, as on a computer",hack.04_1,The hacker hacked the system.,43.0,26.96223258972168,0.8,138.6942596435547,29.08867645263672,31.036399841308594
273,hack,hack.04,"computer work, breaking into, as on a computer",hack.04_3,The hacker hacked the database.,46.0,29.097938537597656,0.8,154.5167694091797,30.268327713012695,32.63836669921875
274,hack,hack.04,"computer work, breaking into, as on a computer",hack.04_0,The hacker hacked the governmental.,42.0,37.00840759277344,0.8,143.9355010986328,41.445823669433594,42.64373779296875
275,hack,hack.04,"computer work, breaking into, as on a computer",hack.04_5,The hacker hacked the company.,48.0,44.60313034057617,0.8,131.65310668945312,33.945411682128906,36.337154388427734
276,hack,hack.06,"succeed, manage",hack.06_0,The team hacked the competition.,42.0,28.65858268737793,0.8,205.58987426757812,45.984588623046875,32.387672424316406
277,hack,hack.06,"succeed, manage",hack.06_6,The students hacked the system.,51.0,30.07891273498535,0.8,152.0086212158203,36.0565185546875,48.416015625
278,hack,hack.06,"succeed, manage",hack.06_8,The band hacked the charts.,53.0,30.56415557861328,0.8,172.33216857910156,63.56468963623047,36.90398406982422
279,hack,hack.06,"succeed, manage",hack.06_7,The hacker hacked the puzzle.,52.0,31.081546783447266,0.8,188.6998291015625,56.983154296875,61.65866470336914
280,hit,hit.01,strike,hit.01_2,The pitcher hit the ball.,44.0,20.95549964904785,0.8,148.65249633789062,28.054298400878906,26.63202667236328
281,hit,hit.01,strike,hit.01_1,The pitcher hit the batter.,43.0,21.983015060424805,0.8,176.95556640625,29.184310913085938,26.6018009185791
282,hit,hit.01,strike,hit.01_4,The baseball hit the wall.,53.0,22.807361602783203,0.8,131.2104949951172,28.82300567626953,27.455120086669922
283,hit,hit.01,strike,hit.01_6,The baseball hit the fence.,55.0,23.572067260742188,0.8,151.67604064941406,28.963516235351562,27.754453659057617
284,hit,hit.02,"reach, encounter",hit.02_1,The ball hit the wall.,43.0,20.761171340942383,0.8,92.0854263305664,26.157032012939453,25.851709365844727
285,hit,hit.02,"reach, encounter",hit.02_2,The ball hit the bat.,44.0,22.481868743896484,0.8,91.53692626953125,26.423748016357422,26.777454376220703
286,hit,hit.02,"reach, encounter",hit.02_8,The book hit the table.,53.0,23.64324760437012,0.8,165.1126708984375,58.78175354003906,57.00550842285156
287,hit,hit.02,"reach, encounter",hit.02_9,The ball hit the net.,54.0,24.004243850708008,0.8,91.884521484375,28.272079467773438,28.425413131713867
288,hit,hit.03,"go to, turn to",hit.03_1,The road hit the town.,43.0,26.35625457763672,0.8,197.13803100585938,52.060523986816406,30.775341033935547
289,hit,hit.03,"go to, turn to",hit.03_2,The road hit the forest.,44.0,26.97285461425781,0.8,191.90000915527344,71.3299331665039,32.450286865234375
290,hit,hit.03,"go to, turn to",hit.03_0,The road hit the intersection.,42.0,27.45903968811035,0.8,231.9190673828125,39.722511291503906,31.951950073242188
291,hit,hit.03,"go to, turn to",hit.03_9,The road hit the lakefront.,52.0,33.50508117675781,0.8,197.55804443359375,47.40020751953125,37.977081298828125
292,insult,insult.01,"call names, disparaging",insult.01_1,The man insulted the woman.,43.0,25.28647994995117,0.8,138.91552734375,27.99213981628418,29.221633911132812
293,insult,insult.01,"call names, disparaging",insult.01_5,The teacher insulted the students.,48.0,26.31545639038086,0.8,179.814208984375,42.10721206665039,42.31071090698242
294,insult,insult.01,"call names, disparaging",insult.01_8,The girl insulted the boy.,53.0,26.882083892822266,0.8,144.63755798339844,29.708404541015625,30.511493682861328
295,insult,insult.01,"call names, disparaging",insult.01_0,The man insulted the waitresses.,42.0,32.2805061340332,0.8,184.61073303222656,36.4187126159668,36.138912200927734
296,kick,kick.01,drive or impel with the foot,kick.01_7,The dog kicked the ball.,49.0,22.98837661743164,0.8,115.26161193847656,26.903745651245117,26.64153289794922
297,kick,kick.01,drive or impel with the foot,kick.01_1,The ball kicked the goalpost.,43.0,25.70525360107422,0.8,172.97271728515625,30.968250274658203,29.597213745117188
298,kick,kick.01,drive or impel with the foot,kick.01_6,The wind kicked the leaves.,48.0,25.757837295532227,0.8,132.2357940673828,72.99290466308594,30.625782012939453
299,kick,kick.01,drive or impel with the foot,kick.01_2,The ball kicked the player.,44.0,28.33093643188477,0.8,161.9705810546875,31.93195343017578,32.2839241027832
300,kill,kill.01,"cause to die, murder",kill.01_1,The man killed the cat.,43.0,25.234420776367188,0.8,151.2504425048828,29.31306266784668,29.02890396118164
301,kill,kill.01,"cause to die, murder",kill.01_0,The man killed the fly.,42.0,26.291671752929688,0.8,154.38494873046875,30.32285499572754,31.227275848388672
302,kill,kill.01,"cause to die, murder",kill.01_9,The boy killed the rabbit.,53.0,28.158531188964844,0.8,169.85089111328125,31.899085998535156,61.03961944580078
303,kill,kill.01,"cause to die, murder",kill.01_6,The prisoner killed the guardian.,49.0,34.588104248046875,0.8,153.5399932861328,38.322147369384766,38.28916549682617
304,kill,kill.03,"do well, win, accomplish some task",kill.03_0,The team killed the competition.,42.0,25.645977020263672,0.8,189.82521057128906,65.00548553466797,29.335481643676758
305,kill,kill.03,"do well, win, accomplish some task",kill.03_2,The team killed the match.,45.0,27.091028213500977,0.8,195.45233154296875,79.10238647460938,31.432212829589844
306,kill,kill.03,"do well, win, accomplish some task",kill.03_4,The team killed the opposition.,52.0,35.54617691040039,0.8,204.80322265625,85.03073120117188,31.376863479614258
307,kill,kill.03,"do well, win, accomplish some task",kill.03_1,The team killed the game.,43.0,37.22529983520508,0.8,156.015869140625,64.79170227050781,29.513586044311523
308,kill,kill.04,pass the time by engaging in some activity,kill.04_0,The movie killed the afternoon.,42.0,28.573974609375,0.8,159.29153442382812,56.65021514892578,31.803512573242188
309,kill,kill.04,pass the time by engaging in some activity,kill.04_8,The movie killed the evening.,52.0,28.69466018676757,0.8,173.53323364257812,56.87208557128906,31.895126342773438
310,kill,kill.04,pass the time by engaging in some activity,kill.04_1,The kids killed the afternoon.,43.0,40.78696441650391,0.8,179.17662048339844,44.41199493408203,33.68589401245117
311,kill,kill.04,pass the time by engaging in some activity,kill.04_5,The children killed the afternoon.,48.0,41.00016784667969,0.8,218.84104919433594,75.02301788330078,33.41856384277344
312,know,know.01,"be cognizant of, realize",know.01_3,The cat knew the mouse.,45.0,32.22945022583008,0.8,154.50100708007812,31.470293045043945,63.79056167602539
313,know,know.01,"be cognizant of, realize",know.01_6,The dog knew the danger.,48.0,32.492958068847656,0.8,105.1155776977539,35.55506134033203,35.124900817871094
314,know,know.01,"be cognizant of, realize",know.01_7,The children knew the answer.,49.0,34.0426139831543,0.8,168.9119415283203,51.627655029296875,36.68983459472656
315,know,know.01,"be cognizant of, realize",know.01_9,The police knew the prisoner.,51.0,36.57252502441406,0.8,187.13929748535156,38.6782341003418,40.09881591796875
316,know,know.02,kennen,know.02_0,The dog knew the owner.,42.0,32.23157501220703,0.8,101.0102310180664,34.219600677490234,35.35398483276367
317,know,know.02,kennen,know.02_9,The dog knew the place.,52.0,33.049373626708984,0.8,107.77479553222656,37.144386291503906,36.32694625854492
318,know,know.02,kennen,know.02_4,The teacher knew the name.,47.0,47.507930755615234,0.8,175.72486877441406,38.67938232421875,39.50269317626953
319,know,know.02,kennen,know.02_8,The cat knew the mousehole.,51.0,51.91389465332031,0.8,165.51138305664062,40.22066116333008,40.36249542236328
320,know,know.03,"have an ability, skill, or know-how",know.03_1,The boy knew the answer.,43.0,31.514089584350582,0.8,170.35609436035156,31.81630516052246,34.872459411621094
321,know,know.03,"have an ability, skill, or know-how",know.03_0,The man knew the language.,42.0,32.97151565551758,0.8,169.1453857421875,36.58629608154297,35.702274322509766
322,know,know.03,"have an ability, skill, or know-how",know.03_8,The boy knew the answers.,50.0,33.215576171875,0.8,181.2260284423828,45.608245849609375,48.17882537841797
323,know,know.03,"have an ability, skill, or know-how",know.03_4,The dog knew the route.,46.0,33.67352294921875,0.8,106.0172348022461,35.84659194946289,36.55168914794922
324,know,know.04,"recognize, differentiate",know.04_7,The dog knew the cat.,50.0,28.51070976257324,0.8,98.20469665527344,31.87242889404297,30.99962615966797
325,know,know.04,"recognize, differentiate",know.04_0,The dog knew the stranger.,42.0,28.771385192871094,0.8,138.58358764648438,35.66140365600586,32.04252624511719
326,know,know.04,"recognize, differentiate",know.04_9,The dog knew the difference.,52.0,29.68061065673828,0.8,106.97260284423828,37.757423400878906,33.96323013305664
327,know,know.04,"recognize, differentiate",know.04_5,The patient knew the symptoms.,47.0,32.05776596069336,0.8,162.74818420410156,54.48051452636719,51.780235290527344
328,know,know.05,"Biblical sense, to have sex with",know.05_5,The king knew the queen.,49.0,28.03989028930664,0.8,155.60833740234375,36.37211608886719,31.30963706970215
329,know,know.05,"Biblical sense, to have sex with",know.05_4,The woman knew the man.,48.0,28.08870506286621,0.8,136.64190673828125,62.40424346923828,30.813922882080078
330,know,know.05,"Biblical sense, to have sex with",know.05_9,The subject knew the object.,56.0,45.62506103515625,0.8,155.00608825683594,54.262271881103516,49.59376525878906
331,know,know.05,"Biblical sense, to have sex with",know.05_2,The wife knew the servant.,46.0,47.624698638916016,0.8,178.66116333007812,87.07838439941406,37.10468292236328
332,launch,launch.01,"set off, introduce, bring up, start, take off",launch.01_2,The newscaster launched the program.,44.0,34.589508056640625,0.8,182.29586791992188,42.731605529785156,38.44658660888672
333,launch,launch.01,"set off, introduce, bring up, start, take off",launch.01_8,The company launched the product.,51.0,38.75455856323242,0.8,174.81954956054688,32.682525634765625,32.23624801635742
334,launch,launch.01,"set off, introduce, bring up, start, take off",launch.01_5,The mayor launched the citywide.,47.0,46.31730651855469,0.8,154.55703735351562,64.49065399169922,65.10572814941406
335,launch,launch.01,"set off, introduce, bring up, start, take off",launch.01_6,The government launched the newest.,49.0,46.70233154296875,0.8,127.7461166381836,46.130699157714844,47.34162902832031
336,mail,mail.01,send,mail.01_1,The mailman mailed the letter.,43.0,24.639291763305664,0.8,157.68177795410156,30.714679718017578,38.1923828125
337,mail,mail.01,send,mail.01_6,The postman mailed the letters.,51.0,24.956806182861328,0.8,179.7182159423828,45.43986511230469,42.963600158691406
338,mail,mail.01,send,mail.01_0,The mailman mailed the letters.,42.0,25.700618743896484,0.8,169.9032745361328,45.031639099121094,51.637081146240234
339,mail,mail.01,send,mail.01_8,The mailman mailed the package.,54.0,27.10559463500977,0.8,156.95115661621094,32.593994140625,40.233612060546875
340,meet,meet.01,"arrive at, achieve",meet.01_4,The bus met the train.,46.0,27.551708221435547,0.8,118.78190612792969,32.4691276550293,45.14546585083008
341,meet,meet.01,"arrive at, achieve",meet.01_8,The team met the objective.,51.0,30.678943634033203,0.8,155.98988342285156,61.39426803588867,33.95221710205078
342,meet,meet.01,"arrive at, achieve",meet.01_2,The train met the scheduled.,44.0,38.32488250732422,0.8,203.9610137939453,53.995819091796875,52.00830841064453
343,meet,meet.01,"arrive at, achieve",meet.01_1,The train met the bus.,43.0,39.07124328613281,0.8,149.8447265625,32.39857482910156,32.411033630371094
344,meet,meet.02,"kennenlernen-- come upon, become acquainted with initially",meet.02_6,The newcomer met the other.,49.0,47.775482177734375,0.8,190.46435546875,78.43897247314453,47.30616760253906
345,meet,meet.02,"kennenlernen-- come upon, become acquainted with initially",meet.02_8,The two met the same.,52.0,49.25080490112305,0.8,128.3406524658203,43.413238525390625,47.284996032714844
346,meet,meet.02,"kennenlernen-- come upon, become acquainted with initially",meet.02_3,The youngest met the queen.,45.0,53.55440521240234,0.8,164.2686004638672,57.44093322753906,45.69601058959961
347,meet,meet.02,"kennenlernen-- come upon, become acquainted with initially",meet.02_7,The first met the second.,51.0,60.19308471679688,0.8,106.3372802734375,53.278079986572266,40.27952575683594
348,meet,meet.03,"get together (with), come together spatially, get together",meet.03_8,The two met the next.,50.0,40.05377197265625,0.8,126.475341796875,41.67815399169922,59.86280822753906
349,meet,meet.03,"get together (with), come together spatially, get together",meet.03_6,The two met the bosses.,48.0,42.93732070922852,0.8,154.35899353027344,44.94496536254883,60.22901916503906
350,meet,meet.03,"get together (with), come together spatially, get together",meet.03_3,The students met the faculty.,45.0,46.391357421875,0.8,165.2435302734375,52.66969680786133,38.331871032714844
351,meet,meet.03,"get together (with), come together spatially, get together",meet.03_9,The people met the queen.,53.0,48.724403381347656,0.8,181.25390625,54.40330505371094,39.233551025390625
352,meet,meet.05,"answer, respond to",meet.05_8,The company met the request.,51.0,32.93218994140625,0.8,169.15283203125,73.36675262451172,72.28512573242188
353,meet,meet.05,"answer, respond to",meet.05_0,The two met the challenge.,42.0,33.149513244628906,0.8,141.43161010742188,39.735313415527344,39.08059310913086
354,meet,meet.05,"answer, respond to",meet.05_9,The two met the requirements.,52.0,34.84166717529297,0.8,141.87301635742188,39.587196350097656,41.775001525878906
355,meet,meet.05,"answer, respond to",meet.05_5,The questions met the concerns.,47.0,38.119537353515625,0.8,221.35147094726562,58.048118591308594,52.20158386230469
356,murder,murder.01,cause to die,murder.01_0,The murderer murdered the victim.,42.0,24.952205657958984,0.8,170.27236938476562,30.04635238647461,29.512922286987305
357,murder,murder.01,cause to die,murder.01_5,The defendant murdered the victim.,49.0,25.234516143798828,0.8,202.52960205078125,46.971561431884766,62.131858825683594
358,murder,murder.01,cause to die,murder.01_8,The murderers murdered the victim.,54.0,28.446762084960938,0.8,216.2229461669922,44.92094802856445,42.26691818237305
359,murder,murder.01,cause to die,murder.01_7,The jury murdered the accused.,53.0,31.83382606506348,0.8,172.73692321777344,33.169795989990234,34.2412109375
360,pass,pass.01,bill becomes law,pass.01_0,The bill passed the legislature.,42.0,25.060619354248047,0.8,135.53993225097656,44.2066535949707,32.10337448120117
361,pass,pass.01,bill becomes law,pass.01_8,The bill passed the congress.,59.0,26.331035614013672,0.8,151.11862182617188,45.645355224609375,34.86402130126953
362,pass,pass.01,bill becomes law,pass.01_5,The legislature passed the measure.,55.0,28.41196060180664,0.8,173.47373962402344,53.61327362060547,35.33511734008789
363,pass,pass.01,bill becomes law,pass.01_1,The bill passed the senate.,43.0,35.582000732421875,0.8,131.2841796875,42.68412780761719,31.934478759765625
364,pass,pass.02,overtake,pass.02_1,The car passed the truck.,43.0,23.10275650024414,0.8,171.3718719482422,30.57737922668457,28.21160888671875
365,pass,pass.02,overtake,pass.02_9,The car passed the bus.,52.0,23.8286247253418,0.8,177.4319610595703,30.774341583251953,43.813690185546875
366,pass,pass.02,overtake,pass.02_2,The car passed the cyclist.,44.0,23.993013381958008,0.8,181.05735778808594,31.836698532104492,29.588171005249023
367,pass,pass.02,overtake,pass.02_0,The car passed the bicycle.,42.0,24.49617385864257,0.8,177.8546600341797,50.80449295043945,30.110702514648438
368,pass,pass.04,allow to go by,pass.04_1,The train passed the station.,43.0,24.3579216003418,0.8,127.50398254394531,29.704605102539062,28.724201202392578
369,pass,pass.04,allow to go by,pass.04_9,The train passed the tunnel.,54.0,26.8418197631836,0.8,164.5169219970703,32.77925109863281,31.487234115600586
370,pass,pass.04,allow to go by,pass.04_2,The train passed the town.,44.0,27.085329055786133,0.8,127.74029541015625,32.08157730102539,30.607257843017578
371,pass,pass.04,allow to go by,pass.04_7,The truck passed the train.,49.0,29.048553466796875,0.8,156.06405639648438,88.4271011352539,33.12248229980469
372,pass,pass.05,give,pass.05_5,The clerk passed the tickets.,47.0,28.918102264404297,0.8,158.37774658203125,49.28439712524414,47.890750885009766
373,pass,pass.05,give,pass.05_4,The ball passed the receiver.,46.0,30.86053466796875,0.8,149.36962890625,32.32966232299805,45.673980712890625
374,pass,pass.05,give,pass.05_2,The teacher passed the paperwork.,44.0,31.280113220214844,0.8,198.37887573242188,37.74639129638672,35.2643928527832
375,pass,pass.05,give,pass.05_0,The teacher passed the student.,42.0,37.76651763916016,0.8,192.07449340820312,32.2008056640625,33.193519592285156
376,pass,pass.08,push through a passage (like a clot),pass.08_8,The blood passed the artery.,50.0,30.126239776611328,0.8,208.48867797851562,69.1578598022461,42.99491882324219
377,pass,pass.08,push through a passage (like a clot),pass.08_7,The doctor passed the swab.,49.0,31.39291381835937,0.8,179.71144104003906,55.29173278808594,35.83283233642578
378,pass,pass.08,push through a passage (like a clot),pass.08_0,The virus passed the bloodstream.,42.0,34.11027145385742,0.8,183.72067260742188,77.50187683105469,38.31574249267578
379,pass,pass.08,push through a passage (like a clot),pass.08_6,The blood passed the blocked.,48.0,42.81758499145508,0.8,214.6678924560547,98.40860748291016,69.49525451660156
380,phone,phone.01,to telephone,phone.01_6,The girl phoned the boy.,49.0,27.261999130249023,0.8,147.32589721679688,32.87847137451172,32.17949295043945
381,phone,phone.01,to telephone,phone.01_0,The police phoned the parents.,42.0,30.07535552978516,0.8,183.01742553710938,35.323028564453125,33.610713958740234
382,phone,phone.01,to telephone,phone.01_3,The person phoned the doctor.,46.0,32.495147705078125,0.8,193.49798583984375,37.03571319580078,35.857452392578125
383,phone,phone.01,to telephone,phone.01_1,The phone phoned the police.,43.0,32.527244567871094,0.8,153.46543884277344,37.51858139038086,37.11528015136719
384,pinch,pinch.01,squeeze tightly to cause pain,pinch.01_8,The man pinched the girlfriend.,52.0,34.181602478027344,0.8,145.4123077392578,40.12103271484375,40.556514739990234
385,pinch,pinch.01,squeeze tightly to cause pain,pinch.01_0,The man pinched the boyfriend.,42.0,35.745460510253906,0.8,196.07736206054688,44.52006530761719,42.910518646240234
386,pinch,pinch.01,squeeze tightly to cause pain,pinch.01_5,The boy pinched the girl.,48.0,40.69281005859375,0.8,157.46942138671875,59.71442794799805,58.29572296142578
387,pinch,pinch.01,squeeze tightly to cause pain,pinch.01_1,The doctor pinched the patient.,43.0,41.24247741699219,0.8,174.93663024902344,62.35984802246094,35.29362869262695
388,pinch,pinch.02,slangy steal,pinch.02_2,The kid pinched the candybar.,44.0,33.50059509277344,0.8,162.54507446289062,43.459442138671875,49.80900192260742
389,pinch,pinch.02,slangy steal,pinch.02_4,The store pinched the shoplifter.,46.0,36.85279846191406,0.8,229.7919158935547,53.63369369506836,65.59341430664062
390,pinch,pinch.02,slangy steal,pinch.02_7,The teacher pinched the testpaper.,49.0,41.507720947265625,0.8,190.22581481933594,85.90560150146484,65.80513000488281
391,pinch,pinch.02,slangy steal,pinch.02_0,The kid pinched the money.,42.0,44.3037109375,0.8,161.3125,39.746307373046875,46.253360748291016
392,pinch,pinch.04,be miserly,pinch.04_0,The boss pinched the money.,42.0,30.320941925048828,0.8,165.68533325195312,40.28102111816406,43.23807144165039
393,pinch,pinch.04,be miserly,pinch.04_4,The city pinched the moneybudget.,47.0,44.30549240112305,0.8,199.3822784423828,91.25595092773438,49.74885559082031
394,pinch,pinch.04,be miserly,pinch.04_7,The rich pinched the poor.,50.0,44.68004608154297,0.8,155.127197265625,64.73481750488281,44.16682434082031
395,pinch,pinch.04,be miserly,pinch.04_9,The boss pinched the paychecks.,52.0,46.19460678100586,0.8,198.55029296875,42.58673858642578,44.811527252197266
396,pinch,pinch.05,arrest or capture,pinch.05_2,The police pinched the thieves.,46.0,25.672889709472656,0.8,177.34373474121094,66.95755004882812,30.173694610595703
397,pinch,pinch.05,arrest or capture,pinch.05_9,The police pinched the crook.,58.0,26.55559539794922,0.8,188.22421264648438,65.50286865234375,31.014293670654297
398,pinch,pinch.05,arrest or capture,pinch.05_0,The police pinched the suspects.,42.0,27.58884048461914,0.8,170.7877960205078,69.09349060058594,32.156307220458984
399,pinch,pinch.05,arrest or capture,pinch.05_7,The policeman pinched the bankrobber.,55.0,30.380725860595703,0.8,206.96141052246094,75.41651153564453,55.483619689941406
400,pitch,pitch.01,throw,pitch.01_0,The pitcher pitched the ball.,42.0,21.56596946716309,0.8,178.8027801513672,28.369781494140625,25.329395294189453
401,pitch,pitch.01,throw,pitch.01_6,The baseball pitched the catcher.,56.0,33.091522216796875,0.8,150.33905029296875,37.17289352416992,35.92789077758789
402,pitch,pitch.01,throw,pitch.01_8,The ball pitched the catcher.,67.0,34.97687530517578,0.8,195.3750762939453,66.76618957519531,65.29576110839844
403,pitch,pitch.01,throw,pitch.01_5,The boy pitched the ball.,55.0,35.6224365234375,0.8,155.64193725585938,30.285755157470703,27.793590545654297
404,pitch,pitch.02,set a musical tone,pitch.02_7,The conductor pitched the orchestra.,49.0,24.45154571533203,0.8,198.05148315429688,71.88440704345703,30.15569496154785
405,pitch,pitch.02,set a musical tone,pitch.02_1,The singer pitched the note.,43.0,25.48633575439453,0.8,180.36734008789062,38.66842269897461,30.577491760253906
406,pitch,pitch.02,set a musical tone,pitch.02_9,The organist pitched the pipe.,53.0,30.13492202758789,0.8,191.25726318359375,75.1318359375,35.508148193359375
407,pitch,pitch.02,set a musical tone,pitch.02_2,The singer pitched the song.,44.0,35.339149475097656,0.8,173.74713134765625,36.207969665527344,31.397747039794922
408,pitch,pitch.04,advertise in strongly positive terms,pitch.04_0,The company pitched the product.,42.0,29.383953094482425,0.8,182.714111328125,66.73699951171875,35.450626373291016
409,pitch,pitch.04,advertise in strongly positive terms,pitch.04_4,The candidate pitched the proposal.,47.0,32.800384521484375,0.8,210.78900146484375,73.9738540649414,38.322120666503906
410,pitch,pitch.04,advertise in strongly positive terms,pitch.04_6,The company pitched the idea.,51.0,40.30523681640625,0.8,183.21664428710938,66.15223693847656,35.78221893310547
411,pitch,pitch.04,advertise in strongly positive terms,pitch.04_1,The company pitched the newest.,43.0,44.57709503173828,0.8,186.16209411621094,73.68561553955078,42.52014923095703
412,place,place.01,put in a location,place.01_8,The manager placed the files.,51.0,32.07832336425781,0.8,196.5819549560547,59.82405090332031,58.7983283996582
413,place,place.01,put in a location,place.01_2,The teacher placed the student.,44.0,38.96934509277344,0.8,151.49461364746094,34.97491455078125,35.23100662231445
414,place,place.01,put in a location,place.01_5,The doctor placed the needle.,47.0,40.73766326904297,0.8,164.27288818359375,36.111351013183594,57.71768569946289
415,place,place.01,put in a location,place.01_7,The mayor placed the blame.,49.0,41.88127136230469,0.8,175.03414916992188,39.71662521362305,37.713706970214844
416,post,post.01,"cf report, put up for public view",post.01_1,The postman posted the mailboxes.,43.0,34.74039840698242,0.8,196.9713897705078,38.836395263671875,41.101661682128906
417,post,post.01,"cf report, put up for public view",post.01_0,The postmaster posted the letterboxes.,42.0,35.46195602416992,0.8,181.60382080078125,44.478179931640625,42.20850372314453
418,post,post.01,"cf report, put up for public view",post.01_9,The poster posted the posters.,51.0,37.69657516479492,0.8,158.53382873535156,46.63549041748047,39.89776611328125
419,post,post.01,"cf report, put up for public view",post.01_2,The posters posted the posterings.,44.0,37.82086563110352,0.8,196.90122985839844,67.08732604980469,55.0688362121582
420,post,post.02,tell someone news as it comes in,post.02_3,The postman posted the results.,45.0,35.60003662109375,0.8,194.48178100585938,41.45793533325195,39.32347869873047
421,post,post.02,tell someone news as it comes in,post.02_2,The reporter posted the latest.,44.0,40.37318420410156,0.8,223.09783935546875,55.17947769165039,38.18379592895508
422,post,post.02,tell someone news as it comes in,post.02_0,The reporter posted the story.,42.0,41.123382568359375,0.8,241.65106201171875,48.56256103515625,34.38096237182617
423,post,post.02,tell someone news as it comes in,post.02_1,The reporter posted the results.,43.0,43.190406799316406,0.8,240.90150451660156,50.72858428955078,36.299766540527344
424,post,post.03,"assign to a post, station somewhere",post.03_1,The captain posted the sentries.,43.0,26.512426376342773,0.8,216.0092010498047,103.88935089111328,29.191104888916016
425,post,post.03,"assign to a post, station somewhere",post.03_0,The general posted the soldiers.,42.0,29.401256561279297,0.8,248.38734436035156,69.59685516357422,33.591007232666016
426,post,post.03,"assign to a post, station somewhere",post.03_6,The officer posted the sentinel.,48.0,30.396068572998047,0.8,195.0744171142578,40.381412506103516,33.60188674926758
427,post,post.03,"assign to a post, station somewhere",post.03_4,The sergeant posted the sentinels.,46.0,30.5686149597168,0.8,228.7858123779297,80.0284194946289,45.980220794677734
428,post,post.04,send via the postal service,post.04_5,The postman posted the letterboxes.,49.0,34.8531379699707,0.8,194.98486328125,42.09299850463867,41.19150924682617
429,post,post.04,send via the postal service,post.04_6,The letter posted the previous.,50.0,35.92130661010742,0.8,173.9041748046875,46.136802673339844,41.48222351074219
430,post,post.04,send via the postal service,post.04_2,The postman posted the letter.,46.0,37.39834976196289,0.8,176.0258026123047,29.793659210205078,28.814037322998047
431,post,post.04,send via the postal service,post.04_1,The postman posted the letters.,45.0,38.806549072265625,0.8,203.5511016845703,44.132171630859375,42.96958923339844
432,push,push.01,(try to) cause motion,push.01_1,The wind pushed the sailboat.,43.0,25.18289375305176,0.8,180.37359619140625,33.67845153808594,28.2652587890625
433,push,push.01,(try to) cause motion,push.01_6,The girl pushed the button.,49.0,28.44387626647949,0.8,128.6512451171875,30.87967300415039,31.410110473632812
434,push,push.01,(try to) cause motion,push.01_8,The wind pushed the caravan.,52.0,30.228918075561523,0.8,151.0915985107422,39.91977310180664,34.24274826049805
435,push,push.01,(try to) cause motion,push.01_0,The wind pushed the door.,42.0,36.291622161865234,0.8,139.31915283203125,33.46100616455078,29.640718460083008
436,push,push.02,"force, impelled action",push.02_2,The wind pushed the doorbell.,44.0,32.91743469238281,0.8,146.04977416992188,39.950801849365234,37.37881088256836
437,push,push.02,"force, impelled action",push.02_1,The wind pushed the doorway.,43.0,34.22217559814453,0.8,148.70530700683594,41.085113525390625,38.9984130859375
438,push,push.02,"force, impelled action",push.02_9,The mother pushed the baby.,53.0,39.304443359375,0.8,129.74618530273438,33.934913635253906,46.06871032714844
439,push,push.02,"force, impelled action",push.02_0,The police pushed the caravaners.,42.0,41.78052520751953,0.8,189.98416137695312,49.83697509765625,47.967987060546875
440,push,push.04,"advocate or advertise, advocate",push.04_0,The company pushed the product.,42.0,34.884029388427734,0.8,168.44479370117188,72.50688171386719,30.549259185791016
441,push,push.04,"advocate or advertise, advocate",push.04_2,The government pushed the reformer.,45.0,35.013893127441406,0.8,205.2413330078125,67.4177017211914,80.36882019042969
442,push,push.04,"advocate or advertise, advocate",push.04_7,The president pushed the taxpayers.,53.0,37.46392822265625,0.8,198.8372802734375,50.751556396484375,57.658355712890625
443,push,push.04,"advocate or advertise, advocate",push.04_9,The organization pushed the benefits.,56.0,40.571414947509766,0.8,174.39646911621094,83.49430847167969,39.48586654663086
444,reach,reach.01,"arrive at an end state, outcome or destination, get to, attain",reach.01_1,The ship reached the port.,45.0,26.93118667602539,0.8,172.63658142089844,55.40132141113281,30.419158935546875
445,reach,reach.01,"arrive at an end state, outcome or destination, get to, attain",reach.01_5,The car reached the bridge.,53.0,28.910139083862305,0.8,162.57781982421875,65.58857727050781,53.834800720214844
446,reach,reach.01,"arrive at an end state, outcome or destination, get to, attain",reach.01_9,The ship reached the shoreline.,57.0,29.9052734375,0.8,199.41603088378906,64.8091049194336,40.130638122558594
447,reach,reach.01,"arrive at an end state, outcome or destination, get to, attain",reach.01_2,The ship reached the coastline.,46.0,31.052818298339844,0.8,196.529296875,59.20104217529297,34.82984924316406
448,reach,reach.02,get in contact with (often over the phone),reach.02_2,The police reached the suspects.,44.0,30.093605041503903,0.8,219.59454345703125,73.97330474853516,34.68391799926758
449,reach,reach.02,get in contact with (often over the phone),reach.02_3,The office reached the candidate.,45.0,32.19931411743164,0.8,198.2451171875,99.94361877441406,35.453060150146484
450,reach,reach.02,get in contact with (often over the phone),reach.02_6,The salesperson reached the customer.,48.0,39.89213562011719,0.8,184.36761474609375,62.91266632080078,32.1170768737793
451,reach,reach.02,get in contact with (often over the phone),reach.02_7,The teacher reached the student.,49.0,40.41025161743164,0.8,150.83547973632812,71.19462585449219,42.71288299560547
452,reach,reach.03,"stretch, grasp, move (as if a limb) outwards toward a goal",reach.03_1,The cat reached the mouse.,43.0,27.016599655151367,0.8,178.90481567382812,30.27121353149414,30.313264846801758
453,reach,reach.03,"stretch, grasp, move (as if a limb) outwards toward a goal",reach.03_7,The arm reached the apple.,49.0,30.241090774536133,0.8,140.12887573242188,38.70622253417969,49.477535247802734
454,reach,reach.03,"stretch, grasp, move (as if a limb) outwards toward a goal",reach.03_9,The dog reached the treat.,51.0,40.60042953491211,0.8,150.19924926757812,34.36520004272461,34.26805114746094
455,reach,reach.03,"stretch, grasp, move (as if a limb) outwards toward a goal",reach.03_4,The horse reached the finish.,46.0,41.768741607666016,0.8,171.74893188476562,37.78990936279297,67.67271423339844
456,recall,recall.01,manufactured defect,recall.01_2,The manufacturer recalled the faulty.,45.0,48.44245147705078,0.8,202.61575317382812,57.52788543701172,39.447296142578125
457,recall,recall.01,manufactured defect,recall.01_0,The car recalled the manufacturer.,42.0,55.35983276367188,0.8,188.4442138671875,97.44338989257812,38.728370666503906
458,recall,recall.01,manufactured defect,recall.01_6,The automobile recalled the model.,49.0,55.42469787597656,0.8,193.22567749023438,105.75386047363281,129.09619140625
459,recall,recall.01,manufactured defect,recall.01_8,The recalling recalled the car.,51.0,55.77719879150391,0.8,215.5327606201172,47.51580810546875,87.41621398925781
460,recall,recall.02,remember,recall.02_6,The president recalled the words.,48.0,43.26454162597656,0.8,193.13917541503906,59.99690246582031,39.44247817993164
461,recall,recall.02,remember,recall.02_0,The witnesses recalled the details.,42.0,46.04520034790039,0.8,189.0015411376953,39.55049133300781,38.32402801513672
462,recall,recall.02,remember,recall.02_3,The book recalled the events.,45.0,54.97309112548828,0.8,141.1399688720703,41.21136474609375,74.95447540283203
463,recall,recall.02,remember,recall.02_1,The word recalled the happy.,43.0,60.441654205322266,0.8,214.13836669921875,81.19451141357422,45.60485076904297
464,recall,recall.03,ask or order to go/come back,recall.03_2,The president recalled the ambassador.,45.0,23.118953704833984,0.8,221.39547729492188,33.262020111083984,27.785205841064453
465,recall,recall.03,ask or order to go/come back,recall.03_0,The boss recalled the employee.,42.0,24.78131675720215,0.8,151.75579833984375,34.53657150268555,28.365272521972656
466,recall,recall.03,ask or order to go/come back,recall.03_4,The manager recalled the secretary.,48.0,25.04256820678711,0.8,230.83306884765625,52.39863204956055,29.228761672973633
467,recall,recall.03,ask or order to go/come back,recall.03_7,The boss recalled the salesman.,52.0,27.25459098815918,0.8,176.25396728515625,37.96312713623047,31.365610122680664
468,remove,remove.01,remove,remove.01_7,The government removed the ban.,49.0,28.417882919311523,0.8,147.72474670410156,51.55596160888672,49.66823196411133
469,remove,remove.01,remove,remove.01_2,The nouns removed the adjectives.,44.0,37.05289840698242,0.8,201.26718139648438,45.07144546508789,42.7753791809082
470,remove,remove.01,remove,remove.01_8,The nouns removed the shelf.,50.0,39.972774505615234,0.8,210.27371215820312,76.30512237548828,61.24985122680664
471,remove,remove.01,remove,remove.01_1,The teacher removed the student.,43.0,41.25314331054688,0.8,165.77597045898438,34.66553497314453,33.42121124267578
472,roll,roll.01,"move in circular fashion, onward rotational motion",roll.01_2,The wheel rolled the caravan.,44.0,50.14604949951172,0.8,150.3732452392578,62.65290832519531,58.7262077331543
473,roll,roll.01,"move in circular fashion, onward rotational motion",roll.01_1,The wheel rolled the carrier.,43.0,50.87507629394531,0.8,151.66064453125,88.76982116699219,58.97085189819336
474,roll,roll.01,"move in circular fashion, onward rotational motion",roll.01_8,The ball rolled the lengthwise.,50.0,51.94681930541992,0.8,134.54953002929688,47.32628631591797,46.24315643310547
475,roll,roll.01,"move in circular fashion, onward rotational motion",roll.01_0,The wheels rolled the caravan.,42.0,52.32152938842773,0.8,191.73941040039062,50.91313934326172,45.55150604248047
476,sack,sack.01,cause defeat in by terminating employment or otherwise pillaging/ conquering,sack.01_9,The board sacked the manager.,53.0,29.6297607421875,0.8,136.45623779296875,54.49213409423828,35.3941650390625
477,sack,sack.01,cause defeat in by terminating employment or otherwise pillaging/ conquering,sack.01_8,The company sacked the worker.,52.0,31.73115921020508,0.8,152.42623901367188,32.99333953857422,37.12126922607422
478,sack,sack.01,cause defeat in by terminating employment or otherwise pillaging/ conquering,sack.01_4,The captain sacked the coaches.,47.0,34.65065383911133,0.8,141.82713317871094,73.10819244384766,56.91960906982422
479,sack,sack.01,cause defeat in by terminating employment or otherwise pillaging/ conquering,sack.01_7,The president sacked the generalship.,51.0,38.61875915527344,0.8,190.34524536132812,45.47930145263672,62.1884651184082
480,save,save.01,keep from spending,save.01_5,The boy saved the money.,49.0,30.83219718933105,0.8,181.13926696777344,36.69580078125,36.242923736572266
481,save,save.01,keep from spending,save.01_2,The babysitter saved the children.,46.0,34.86772918701172,0.8,203.2279052734375,51.17462158203125,39.81219482421875
482,save,save.01,keep from spending,save.01_4,The government saved the money.,48.0,42.57344055175781,0.8,147.36410522460938,59.88446044921875,33.75305938720703
483,save,save.01,keep from spending,save.01_7,The taxpayers saved the company.,53.0,44.30091094970703,0.8,191.58984375,66.36792755126953,85.0269546508789
484,save,save.02,desperate peril sense,save.02_7,The firefighter saved the baby.,49.0,30.25462913513184,0.8,223.147216796875,32.649715423583984,62.24842071533203
485,save,save.02,desperate peril sense,save.02_4,The crewman saved the ship.,46.0,34.57057189941406,0.8,137.25357055664062,49.42182922363281,50.01833724975586
486,save,save.02,desperate peril sense,save.02_6,The man saved the drowningchild.,48.0,38.12319564819336,0.8,168.36720275878906,42.120052337646484,43.93571090698242
487,save,save.02,desperate peril sense,save.02_0,The ship saved the crewmen.,42.0,49.06940841674805,0.8,189.48013305664062,65.23163604736328,54.94108581542969
488,save,save.03,"collect, accrue, save up (non phrasal, though)",save.03_7,The rainwater saved the gardeners.,51.0,38.887149810791016,0.8,197.38954162597656,61.71479797363281,66.24993896484375
489,save,save.03,"collect, accrue, save up (non phrasal, though)",save.03_9,The cashier saved the coins.,53.0,45.31135177612305,0.8,168.10577392578125,71.6337661743164,37.647212982177734
490,save,save.03,"collect, accrue, save up (non phrasal, though)",save.03_5,The boy saved the coins.,49.0,45.72869873046875,0.8,181.0494842529297,71.75979614257812,39.53801727294922
491,save,save.03,"collect, accrue, save up (non phrasal, though)",save.03_3,The bartender saved the drunkard.,46.0,54.55165100097656,0.8,188.7752685546875,44.012481689453125,57.06010055541992
492,see,see.01,view,see.01_1,The teacher saw the student.,43.0,28.88936233520508,0.8,137.2132110595703,32.23561477661133,35.58870315551758
493,see,see.01,view,see.01_6,The sunset saw the stars.,48.0,38.87988662719727,0.8,181.98455810546875,70.91517639160156,41.24043273925781
494,see,see.01,view,see.01_7,The child saw the movie.,49.0,41.570159912109375,0.8,147.9173126220703,50.37281799316406,50.58600616455078
495,see,see.01,view,see.01_0,The man saw the beautifully.,42.0,48.32946395874024,0.8,158.24795532226562,43.94915771484375,44.5366096496582
496,see,see.04,ensure,see.04_6,The judge saw the defendants.,51.0,36.189300537109375,0.8,177.4980926513672,60.20303726196289,52.76249313354492
497,see,see.04,ensure,see.04_9,The manager saw the cashier.,54.0,37.46905517578125,0.8,200.07452392578125,61.761009216308594,43.45808792114258
498,see,see.04,ensure,see.04_0,The police saw the criminality.,42.0,41.33232498168945,0.8,236.14886474609375,58.47533416748047,44.13908386230469
499,see,see.04,ensure,see.04_4,The boss saw the newcomers.,48.0,42.04279327392578,0.8,177.1810302734375,56.777671813964844,58.07560729980469
500,see,see.05,date casually,see.05_7,The woman saw the man.,53.0,41.45726776123047,0.8,124.00813293457031,31.602027893066406,34.52589416503906
501,see,see.05,date casually,see.05_0,The two saw the movie.,42.0,47.58992767333984,0.8,138.3140869140625,37.060829162597656,39.051300048828125
502,see,see.05,date casually,see.05_2,The youngster saw the girl.,46.0,49.07316970825195,0.8,126.1601333618164,66.24931335449219,43.89316940307617
503,see,see.05,date casually,see.05_9,The youngster saw the pretty.,57.0,50.97197723388672,0.8,147.15609741210938,62.83363342285156,47.91618728637695
504,see,see.09,visit/consultation by medical professional,see.09_0,The doctor saw the patient.,42.0,22.781856536865234,0.8,137.6905975341797,30.67285919189453,27.62854766845703
505,see,see.09,visit/consultation by medical professional,see.09_1,The patient saw the doctor.,47.0,24.326377868652344,0.8,117.23822021484375,33.22071838378906,28.99720001220703
506,see,see.09,visit/consultation by medical professional,see.09_2,The nurse saw the patient.,55.0,25.950977325439453,0.8,129.74574279785156,33.85886764526367,31.58686065673828
507,see,see.09,visit/consultation by medical professional,see.09_3,The nurse saw the doctor.,121.0,40.074974060058594,0.8,134.82859802246094,34.56013488769531,32.204715728759766
508,sense,sense.01,perceive,sense.01_1,The cat sensed the mouse.,43.0,26.665752410888672,0.8,162.5071563720703,32.170066833496094,31.129806518554688
509,sense,sense.01,perceive,sense.01_0,The cat sensed the danger.,42.0,26.80279541015625,0.8,161.86880493164062,31.233726501464844,30.672592163085938
510,sense,sense.01,perceive,sense.01_4,The man sensed the smell.,46.0,32.64649200439453,0.8,148.16551208496094,39.58283996582031,38.055511474609375
511,sense,sense.01,perceive,sense.01_7,The baby sensed the smell.,49.0,35.37690734863281,0.8,159.53750610351562,59.5380973815918,39.81758499145508
512,set,set.01,"put, place",set.01_6,The cat set the mouse.,48.0,26.64703369140625,0.8,111.14850616455078,33.27318572998047,34.41997528076172
513,set,set.01,"put, place",set.01_7,The farmer set the pail.,49.0,31.8842887878418,0.8,165.47035217285156,43.42949676513672,39.80518341064453
514,set,set.01,"put, place",set.01_4,The clock set the kitchen.,46.0,33.16815948486328,0.8,146.44776916503906,48.22454833984375,37.742408752441406
515,set,set.01,"put, place",set.01_2,The teacher set the books.,44.0,40.73291015625,0.8,157.91146850585938,51.977874755859375,37.26399230957031
516,set,set.02,establish,set.02_0,The government set the price.,42.0,27.77314758300781,0.8,116.2043228149414,52.27278137207031,33.867984771728516
517,set,set.02,establish,set.02_6,The president set the tone.,51.0,31.433273315429688,0.8,149.9217987060547,53.310882568359375,37.810325622558594
518,set,set.02,establish,set.02_1,The government set the minimum.,43.0,40.03375625610352,0.8,119.8179702758789,55.48957824707031,37.83274841308594
519,set,set.02,establish,set.02_9,The government set the maximum.,54.0,41.973670959472656,0.8,120.01695251464844,57.93593215942383,40.371986389160156
520,set,set.08,"make ready, assign a task to, ready for action",set.08_6,The teacher set the test.,48.0,26.486045837402344,0.8,142.16485595703125,31.119243621826172,30.39375877380371
521,set,set.08,"make ready, assign a task to, ready for action",set.08_0,The teacher set the examination.,42.0,28.885177612304688,0.8,152.09217834472656,34.86317443847656,33.13823699951172
522,set,set.08,"make ready, assign a task to, ready for action",set.08_3,The commander set the soldiers.,45.0,28.94609642028809,0.8,185.546875,54.2446174621582,47.515716552734375
523,set,set.08,"make ready, assign a task to, ready for action",set.08_1,The captain set the crewmen.,43.0,34.74181365966797,0.8,152.15802001953125,75.53903198242188,40.8562126159668
524,set,set.14,"make ready, prepare",set.14_5,The cook set the table.,48.0,23.772846221923828,0.8,106.90364074707031,43.49275588989258,42.219322204589844
525,set,set.14,"make ready, prepare",set.14_3,The waitress set the table.,46.0,26.08060073852539,0.8,142.9769744873047,34.17649841308594,31.006980895996094
526,set,set.14,"make ready, prepare",set.14_7,The director set the actors.,51.0,29.840312957763672,0.8,158.9964599609375,71.56990814208984,69.69090270996094
527,set,set.14,"make ready, prepare",set.14_9,The teacher set the chairs.,54.0,30.19931030273437,0.8,160.06121826171875,63.99447250366211,35.32012176513672
528,shape,shape.01,shape,shape.01_8,The sculpture shaped the statue.,51.0,30.073963165283203,0.8,227.6605682373047,36.518165588378906,35.57893371582031
529,shape,shape.01,shape,shape.01_7,The shape shaped the sound.,50.0,34.674278259277344,0.8,172.2943115234375,43.843299865722656,76.71255493164062
530,shape,shape.01,shape,shape.01_2,The shape shaped the form.,44.0,34.73008728027344,0.8,171.24647521972656,42.96185302734375,77.35885620117188
531,shape,shape.01,shape,shape.01_6,The shapeshifter shaped the clay.,49.0,35.315284729003906,0.8,196.04478454589844,51.433013916015625,53.252540588378906
532,shoot,shoot.01,propel projectile,shoot.01_7,The archer shot the arrow.,49.0,24.86549186706543,0.8,158.9199981689453,56.41461944580078,29.443382263183594
533,shoot,shoot.01,propel projectile,shoot.01_0,The gunshot shot the bullet.,42.0,28.64683151245117,0.8,174.61004638671875,36.57201385498047,44.121368408203125
534,shoot,shoot.01,propel projectile,shoot.01_6,The bullet shot the bird.,48.0,29.753700256347656,0.8,106.7770767211914,59.356815338134766,33.8018798828125
535,shoot,shoot.01,propel projectile,shoot.01_8,The gunner shot the cannonball.,50.0,40.10498809814453,0.8,213.68972778320312,38.14311599731445,31.77536964416504
536,shoot,shoot.02,kill with gun,shoot.02_2,The police shot the criminal.,44.0,23.690956115722656,0.8,169.87461853027344,46.53316116333008,28.010295867919922
537,shoot,shoot.02,kill with gun,shoot.02_0,The police shot the thief.,42.0,24.14093780517578,0.8,163.68325805664062,47.38779067993164,28.879661560058594
538,shoot,shoot.02,kill with gun,shoot.02_4,The robber shot the cop.,46.0,26.533523559570312,0.8,141.3325958251953,59.17470932006836,41.597686767578125
539,shoot,shoot.02,kill with gun,shoot.02_9,The police shot the bankrobbers.,52.0,28.64885711669922,0.8,205.82313537597656,63.59029769897461,44.76173400878906
540,shoot,shoot.03,record on film,shoot.03_7,The actor shot the movie.,53.0,28.457914352416992,0.8,202.64639282226562,34.7139778137207,33.18000030517578
541,shoot,shoot.03,record on film,shoot.03_9,The police shot the crime.,56.0,29.26094055175781,0.8,167.2730712890625,63.99586868286133,32.849205017089844
542,shoot,shoot.03,record on film,shoot.03_0,The director shot the scene.,42.0,35.300575256347656,0.8,120.1849365234375,60.802146911621094,31.76648712158203
543,shoot,shoot.03,record on film,shoot.03_2,The photographer shot the wedding.,46.0,39.09938049316406,0.8,173.3396453857422,63.63272476196289,30.111244201660156
544,shoot,shoot.06,move very rapidly,shoot.06_2,The bullet shot the man.,44.0,45.9610595703125,0.8,113.21830749511719,47.581642150878906,35.35441207885742
545,shoot,shoot.06,move very rapidly,shoot.06_9,The bullet shot the bullseye.,52.0,47.56983947753906,0.8,156.43588256835938,49.75348663330078,48.243324279785156
546,shoot,shoot.06,move very rapidly,shoot.06_1,The bullet shot the mannequin.,43.0,54.36602020263672,0.8,142.18605041503906,72.1093978881836,59.89005661010742
547,shoot,shoot.06,move very rapidly,shoot.06_5,The jet shot the bubblegum.,47.0,60.00285339355469,0.8,234.565185546875,60.115234375,62.199275970458984
548,shove,shove.01,push harshly,shove.01_1,The man shoved the woman.,43.0,25.748035430908203,0.8,126.49266815185547,30.637813568115234,30.344274520874023
549,shove,shove.01,push harshly,shove.01_0,The man shoved the child.,42.0,26.19364547729492,0.8,127.09668731689453,32.13266372680664,30.7685546875
550,shove,shove.01,push harshly,shove.01_6,The coach shoved the player.,49.0,27.245586395263672,0.8,184.77774047851562,34.51103591918945,50.12213134765625
551,shove,shove.01,push harshly,shove.01_5,The police shoved the protester.,48.0,29.773988723754883,0.8,205.60302734375,36.303672790527344,49.2796516418457
552,slap,slap.01,hit with a flat object,slap.01_0,The man slapped the door.,42.0,27.110803604125977,0.8,163.0374755859375,34.788700103759766,31.7457275390625
553,slap,slap.01,hit with a flat object,slap.01_7,The wind slapped the water.,49.0,28.432605743408203,0.8,139.33078002929688,56.494022369384766,32.56357192993164
554,slap,slap.01,hit with a flat object,slap.01_6,The referee slapped the boxer.,48.0,39.32339859008789,0.8,192.4901580810547,34.507102966308594,32.734619140625
555,slap,slap.01,hit with a flat object,slap.01_9,The judge slapped the accused.,51.0,39.33712768554688,0.8,192.8690185546875,37.227622985839844,34.8858757019043
556,stab,stab.01,"poke with sharp object, perhaps fatally, metaphorically try something",stab.01_4,The police stabbed the doorbell.,46.0,39.43328475952149,0.8,179.6121368408203,44.248016357421875,94.08073425292969
557,stab,stab.01,"poke with sharp object, perhaps fatally, metaphorically try something",stab.01_9,The boyfriend stabbed the girlfriend.,51.0,44.505489349365234,0.8,185.023681640625,33.12744903564453,36.847904205322266
558,stab,stab.01,"poke with sharp object, perhaps fatally, metaphorically try something",stab.01_7,The reporter stabbed the candidate.,49.0,44.9250373840332,0.8,269.6711120605469,60.947959899902344,54.892723083496094
559,stab,stab.01,"poke with sharp object, perhaps fatally, metaphorically try something",stab.01_6,The man stabbed the ground.,48.0,46.06516647338867,0.8,151.48158264160156,75.52923583984375,55.150970458984375
560,stretch,stretch.01,"extend, lengthen",stretch.01_8,The cat stretched the string.,50.0,32.307411193847656,0.8,157.81764221191406,36.884429931640625,35.64586639404297
561,stretch,stretch.01,"extend, lengthen",stretch.01_7,The baker stretched the dough.,49.0,37.90476608276367,0.8,180.2301788330078,32.63658905029297,30.85499382019043
562,stretch,stretch.01,"extend, lengthen",stretch.01_2,The cat stretched the mouse.,44.0,43.775177001953125,0.8,158.85830688476562,37.48634338378906,36.396141052246094
563,stretch,stretch.01,"extend, lengthen",stretch.01_9,The distance stretched the lineup.,51.0,45.42501068115234,0.8,269.0072937011719,69.59669494628906,106.4339599609375
564,toss,toss.01,"throw randomly or toss dough, glances, throw randomly, throwing, perhaps underhand or casually",toss.01_1,The baker tossed the dough.,43.0,24.698389053344727,0.8,187.9550323486328,32.9524040222168,29.725303649902344
565,toss,toss.01,"throw randomly or toss dough, glances, throw randomly, throwing, perhaps underhand or casually",toss.01_2,The man tossed the ball.,45.0,28.290565490722656,0.8,135.98377990722656,32.17831802368164,34.490230560302734
566,toss,toss.01,"throw randomly or toss dough, glances, throw randomly, throwing, perhaps underhand or casually",toss.01_0,The pitcher tossed the ball.,42.0,37.3133430480957,0.8,184.5725555419922,30.636293411254883,31.007164001464844
567,toss,toss.01,"throw randomly or toss dough, glances, throw randomly, throwing, perhaps underhand or casually",toss.01_5,The waiter tossed the salad.,48.0,39.00042343139648,0.8,168.10972595214844,30.006736755371094,31.303504943847656
568,understand,understand.01,"understand, comprehending",understand.01_1,The teacher understood the student.,43.0,27.92344856262207,0.8,154.5119171142578,32.79034423828125,31.737035751342773
569,understand,understand.01,"understand, comprehending",understand.01_6,The child understood the question.,48.0,28.615039825439453,0.8,168.4376983642578,53.50335693359375,33.62831115722656
570,understand,understand.01,"understand, comprehending",understand.01_4,The children understood the storyline.,46.0,34.87898254394531,0.8,166.5946807861328,63.676761627197266,38.7851448059082
571,understand,understand.01,"understand, comprehending",understand.01_0,The boy understood the words.,42.0,41.867332458496094,0.8,149.660888671875,79.33389282226562,34.6962890625
572,write,write.01,set pen to paper,write.01_1,The writer wrote the book.,43.0,26.311931610107425,0.8,89.45374298095703,30.02562141418457,30.945411682128906
573,write,write.01,set pen to paper,write.01_2,The writer wrote the letter.,44.0,26.71333694458008,0.8,89.32125854492188,31.821239471435547,32.05211639404297
574,write,write.01,set pen to paper,write.01_9,The writer wrote the novel.,52.0,27.30018424987793,0.8,88.18978118896484,31.008527755737305,31.7255859375
575,write,write.01,set pen to paper,write.01_8,The man wrote the book.,51.0,27.890300750732425,0.8,133.69483947753906,31.218547821044922,32.64165115356445
